pollid,pollno,race,year,location,type_simple,type_detail,pollster,partisan,polldate,samplesize,cand1_name,cand1_pct,cand2_name,cand2_pct,cand3_pct,margin_poll,electiondate,cand1_actual,cand2_actual,margin_actual,error,bias,rightcall,comment,days_to_election,age_weight
0,73718,2016_Pres-G_MI,2016,MI,Pres-G,Pres-G,Mitchell Research & Communications,,10/18/16,1102.0,Democrat,52.0,Republican,39.5,6.0,12.5,11/8/16,47.03,47.25,-0.22,12.72,12.72,0.0,average of multiple versions or turnout models listed in poll,21,0.3535533905932738
1,74247,2016_Pres-G_FL,2016,FL,Pres-G,Pres-G,Associated Industries of Florida,,10/19/16,1000.0,Democrat,44.0,Republican,41.0,4.0,3.0,11/8/16,47.41,48.6,-1.19,4.19,4.19,0.0,,20,0.3714985722842371
2,73922,2016_Pres-G_OK,2016,OK,Pres-G,Pres-G,SoonerPoll.com,,10/19/16,530.0,Democrat,29.6,Republican,59.6,4.5,-30.0,11/8/16,28.93,65.32,-36.39,6.39,6.39,1.0,,20,0.3714985722842371
3,74083,2016_Pres-G_SD,2016,SD,Pres-G,Pres-G,"Mason-Dixon Polling & Research, Inc.",,10/19/16,400.0,Democrat,37.0,Republican,44.0,7.0,-7.0,11/8/16,31.74,61.53,-29.79,22.79,22.79,1.0,,20,0.3714985722842371
4,73806,2016_Pres-G_US,2016,US,Pres-G,Pres-G,Lucid,,10/19/16,2127.0,Democrat,45.0,Republican,37.0,6.0,8.0,11/8/16,48.02,45.93,2.09,5.91,5.91,1.0,,20,0.3714985722842371
5,74249,2016_Pres-G_WI,2016,WI,Pres-G,Pres-G,McLaughlin & Associates,,10/19/16,600.0,Democrat,48.0,Republican,43.0,4.0,5.0,11/8/16,46.45,47.22,-0.76,5.76,5.76,0.0,,20,0.3714985722842371
6,73699,2016_Pres-G_WI,2016,WI,Pres-G,Pres-G,Public Policy Polling,,10/19/16,804.0,Democrat,50.0,Republican,38.0,,12.0,11/8/16,46.45,47.22,-0.76,12.76,12.76,0.0,,20,0.3714985722842371
7,73810,2016_Pres-G_FL,2016,FL,Pres-G,Pres-G,Opinion Savvy/InsiderAdvantage,,10/20/16,538.0,Democrat,49.0,Republican,45.0,2.8,4.0,11/8/16,47.41,48.6,-1.19,5.19,5.19,0.0,,19,0.3903545910778551
8,73815,2016_Pres-G_GA,2016,GA,Pres-G,Pres-G,Landmark Communications,,10/20/16,600.0,Democrat,43.0,Republican,47.0,5.0,-4.0,11/8/16,45.35,50.44,-5.1,1.1,1.1,1.0,,19,0.3903545910778551
9,73812,2016_Pres-G_GA,2016,GA,Pres-G,Pres-G,Opinion Savvy/InsiderAdvantage,,10/20/16,570.0,Democrat,46.1,Republican,50.1,2.6,-4.0,11/8/16,45.35,50.44,-5.1,1.1,1.1,1.0,,19,0.3903545910778551
10,74329,2016_Pres-G_LA,2016,LA,Pres-G,Pres-G,Southern Media & Opinion Research,,10/20/16,500.0,Democrat,35.0,Republican,50.0,4.8,-15.0,11/8/16,38.45,58.09,-19.64,4.64,4.64,1.0,,19,0.3903545910778551
11,74087,2016_Pres-G_SD,2016,SD,Pres-G,Pres-G,Remington Research Group,,10/20/16,1115.0,Democrat,37.0,Republican,48.0,6.0,-11.0,11/8/16,31.74,61.53,-29.79,18.79,18.79,1.0,,19,0.3903545910778551
12,74135,2016_Pres-G_US,2016,US,Pres-G,Pres-G,Ipsos,,10/20/16,1153.0,Democrat,44.15,Republican,35.45,6.6,8.7,11/8/16,48.02,45.93,2.09,6.61,6.61,1.0,average of multiple versions or turnout models listed in poll,19,0.3903545910778551
13,73796,2016_Pres-G_US,2016,US,Pres-G,Pres-G,Morning Consult,,10/20/16,1395.0,Democrat,44.0,Republican,38.0,9.0,6.0,11/8/16,48.02,45.93,2.09,3.91,3.91,1.0,average of multiple versions or turnout models listed in poll,19,0.3903545910778551
14,74041,2016_Pres-G_AR,2016,AR,Pres-G,Pres-G,Hendrix College,,10/21/16,463.0,Democrat,32.5,Republican,56.0,3.5,-23.5,11/8/16,33.65,60.57,-26.92,3.42,3.42,1.0,,18,0.41016767800381904
15,74069,2016_Pres-G_CO,2016,CO,Pres-G,Pres-G,Remington Research Group,,10/21/16,1581.0,Democrat,45.0,Republican,43.0,5.0,2.0,11/8/16,48.16,43.25,4.91,2.91,-2.91,1.0,,18,0.41016767800381904
16,74068,2016_Pres-G_FL,2016,FL,Pres-G,Pres-G,Remington Research Group,,10/21/16,1646.0,Democrat,46.0,Republican,46.0,2.0,0.0,11/8/16,47.41,48.6,-1.19,1.19,1.19,0.5,,18,0.41016767800381904
17,74037,2016_Pres-G_MN,2016,MN,Pres-G,Pres-G,"Mason-Dixon Polling & Research, Inc.",,10/21/16,625.0,Democrat,47.0,Republican,39.0,6.0,8.0,11/8/16,46.44,44.93,1.51,6.49,6.49,1.0,,18,0.41016767800381904
18,74067,2016_Pres-G_NC,2016,NC,Pres-G,Pres-G,Remington Research Group,,10/21/16,1764.0,Democrat,44.0,Republican,47.0,3.0,-3.0,11/8/16,46.17,49.83,-3.66,0.66,0.66,1.0,,18,0.41016767800381904
19,74031,2016_Pres-G_NV,2016,NV,Pres-G,Pres-G,Rasmussen Reports/Pulse Opinion Research,,10/21/16,826.0,Democrat,46.0,Republican,42.0,5.0,4.0,11/8/16,47.92,45.5,2.42,1.58,1.58,1.0,,18,0.41016767800381904
20,74072,2016_Pres-G_NV,2016,NV,Pres-G,Pres-G,Remington Research Group,,10/21/16,1332.0,Democrat,44.0,Republican,47.0,4.0,-3.0,11/8/16,47.92,45.5,2.42,5.42,-5.42,0.0,,18,0.41016767800381904
21,74064,2016_Pres-G_OH,2016,OH,Pres-G,Pres-G,Remington Research Group,,10/21/16,1971.0,Democrat,42.0,Republican,46.0,4.0,-4.0,11/8/16,43.24,51.31,-8.07,4.07,4.07,1.0,,18,0.41016767800381904
22,74066,2016_Pres-G_PA,2016,PA,Pres-G,Pres-G,Remington Research Group,,10/21/16,1997.0,Democrat,45.0,Republican,42.0,5.0,3.0,11/8/16,47.46,48.17,-0.72,3.72,3.72,0.0,,18,0.41016767800381904
23,73955,2016_Pres-G_US,2016,US,Pres-G,Pres-G,Centre College,,10/21/16,565.5,Democrat,47.1,Republican,41.15,6.0,5.95,11/8/16,48.02,45.93,2.09,3.86,3.86,1.0,average of multiple versions or turnout models listed in poll,18,0.41016767800381904
24,73927,2016_Pres-G_US,2016,US,Pres-G,Pres-G,IBD/TIPP,,10/21/16,815.0,Democrat,41.6,Republican,41.7,7.7,-0.1,11/8/16,48.02,45.93,2.09,2.19,-2.19,0.0,average of multiple versions or turnout models listed in poll,18,0.41016767800381904
25,74321,2016_Pres-G_US,2016,US,Pres-G,Pres-G,Public Policy Polling,,10/21/16,990.0,Democrat,46.0,Republican,40.0,5.0,6.0,11/8/16,48.02,45.93,2.09,3.91,3.91,1.0,,18,0.41016767800381904
26,74038,2016_Pres-G_US,2016,US,Pres-G,Pres-G,USC Dornsife/LA Times,,10/21/16,3104.0,Democrat,44.97,Republican,44.07,,0.9,11/8/16,48.02,45.93,2.09,1.19,-1.19,1.0,,18,0.41016767800381904
27,74065,2016_Pres-G_VA,2016,VA,Pres-G,Pres-G,Remington Research Group,,10/21/16,1787.0,Democrat,48.0,Republican,43.0,3.0,5.0,11/8/16,49.75,44.43,5.32,0.32,-0.32,1.0,,18,0.41016767800381904
28,74372,2016_Pres-G_VT,2016,VT,Pres-G,Pres-G,Braun Research,,10/21/16,603.0,Democrat,50.0,Republican,22.0,7.0,28.0,11/8/16,56.68,30.27,26.41,1.59,1.59,1.0,,18,0.41016767800381904
29,74029,2016_Pres-G_WA,2016,WA,Pres-G,Pres-G,Elway Research,,10/21/16,502.0,Democrat,48.0,Republican,31.0,1.0,17.0,11/8/16,52.54,36.83,15.71,1.29,1.29,1.0,,18,0.41016767800381904
30,74071,2016_Pres-G_WI,2016,WI,Pres-G,Pres-G,Remington Research Group,,10/21/16,1795.0,Democrat,46.0,Republican,41.0,5.0,5.0,11/8/16,46.45,47.22,-0.76,5.76,5.76,0.0,,18,0.41016767800381904
31,75258,2016_Pres-G_AR,2016,AR,Pres-G,Pres-G,University of Arkansas,,10/22/16,585.0,Democrat,31.3,Republican,51.1,,-19.8,11/8/16,33.65,60.57,-26.92,7.12,7.12,1.0,,17,0.4309864106234889
32,74316,2016_Pres-G_FL,2016,FL,Pres-G,Pres-G,Florida Atlantic University,,10/22/16,500.0,Democrat,46.2,Republican,43.3,2.7,2.9,11/8/16,47.41,48.6,-1.19,4.09,4.09,0.0,,17,0.4309864106234889
33,74252,2016_Pres-G_FL,2016,FL,Pres-G,Pres-G,SurveyUSA,,10/22/16,1251.0,Democrat,48.0,Republican,45.0,2.0,3.0,11/8/16,47.41,48.6,-1.19,4.19,4.19,0.0,,17,0.4309864106234889
34,73919,2016_Pres-G_FL,2016,FL,Pres-G,Pres-G,YouGov,,10/22/16,1042.0,Democrat,46.0,Republican,43.0,3.0,3.0,11/8/16,47.41,48.6,-1.19,4.19,4.19,0.0,,17,0.4309864106234889
35,74075,2016_Pres-G_ID,2016,ID,Pres-G,Pres-G,Emerson College,,10/22/16,1023.0,Democrat,23.0,Republican,52.0,10.0,-29.0,11/8/16,27.48,59.25,-31.76,2.76,2.76,1.0,,17,0.4309864106234889
36,73952,2016_Pres-G_NC,2016,NC,Pres-G,Pres-G,Monmouth University,,10/22/16,402.0,Democrat,47.0,Republican,46.0,4.0,1.0,11/8/16,46.17,49.83,-3.66,4.66,4.66,0.0,,17,0.4309864106234889
37,73937,2016_Pres-G_NC,2016,NC,Pres-G,Pres-G,Public Policy Polling,,10/22/16,875.0,Democrat,48.0,Republican,45.0,4.0,3.0,11/8/16,46.17,49.83,-3.66,6.66,6.66,0.0,average of multiple versions or turnout models listed in poll,17,0.4309864106234889
38,74047,2016_Pres-G_NC,2016,NC,Pres-G,Pres-G,Siena College,,10/22/16,792.0,Democrat,47.5,Republican,40.0,8.0,7.5,11/8/16,46.17,49.83,-3.66,11.16,11.16,0.0,average of multiple versions or turnout models listed in poll,17,0.4309864106234889
39,74348,2016_Pres-G_NH,2016,NH,Pres-G,Pres-G,Marist College,,10/22/16,768.0,Democrat,46.0,Republican,37.5,10.0,8.5,11/8/16,46.83,46.46,0.37,8.13,8.13,1.0,average of multiple versions or turnout models listed in poll,17,0.4309864106234889
40,74036,2016_Pres-G_NV,2016,NV,Pres-G,Pres-G,Bendixen & Amandi International,,10/22/16,800.0,Democrat,48.0,Republican,41.0,6.0,7.0,11/8/16,47.92,45.5,2.42,4.58,4.58,1.0,,17,0.4309864106234889
41,74349,2016_Pres-G_NV,2016,NV,Pres-G,Pres-G,Marist College,,10/22/16,707.0,Democrat,44.0,Republican,44.0,10.0,0.0,11/8/16,47.92,45.5,2.42,2.42,-2.42,0.5,average of multiple versions or turnout models listed in poll,17,0.4309864106234889
42,73920,2016_Pres-G_TX,2016,TX,Pres-G,Pres-G,YouGov,,10/22/16,1031.0,Democrat,43.0,Republican,46.0,5.0,-3.0,11/8/16,43.12,52.1,-8.98,5.98,5.98,1.0,,17,0.4309864106234889
43,74020,2016_Pres-G_US,2016,US,Pres-G,Pres-G,CNN/Opinion Research Corp.,,10/22/16,779.0,Democrat,50.0,Republican,44.5,3.0,5.5,11/8/16,48.02,45.93,2.09,3.41,3.41,1.0,average of multiple versions or turnout models listed in poll,17,0.4309864106234889
44,74352,2016_Pres-G_US,2016,US,Pres-G,Pres-G,GfK Group,,10/22/16,1212.0,Democrat,52.5,Republican,39.0,6.0,13.5,11/8/16,48.02,45.93,2.09,11.41,11.41,1.0,average of multiple versions or turnout models listed in poll,17,0.4309864106234889
45,74188,2016_Pres-G_US,2016,US,Pres-G,Pres-G,Google Consumer Surveys,,10/22/16,21240.0,Democrat,38.54,Republican,33.87,6.37,4.67,11/8/16,48.02,45.93,2.09,2.58,2.58,1.0,,17,0.4309864106234889
46,74085,2016_Pres-G_US,2016,US,Pres-G,Pres-G,Gravis Marketing,,10/22/16,2109.0,Democrat,50.0,Republican,50.0,,0.0,11/8/16,48.02,45.93,2.09,2.09,-2.09,0.5,among registered voters,17,0.4309864106234889
47,73958,2016_Pres-G_US,2016,US,Pres-G,Pres-G,Lucid,,10/22/16,2615.0,Democrat,43.0,Republican,38.0,7.0,5.0,11/8/16,48.02,45.93,2.09,2.91,2.91,1.0,,17,0.4309864106234889
48,74051,2016_Pres-G_US,2016,US,Pres-G,Pres-G,Rasmussen Reports/Pulse Opinion Research,,10/22/16,1500.0,Democrat,43.0,Republican,42.0,5.0,1.0,11/8/16,48.02,45.93,2.09,1.09,-1.09,1.0,,17,0.4309864106234889
49,74327,2016_Pres-G_US,2016,US,Pres-G,Pres-G,Suffolk University,,10/22/16,1000.0,Democrat,48.3,Republican,38.25,3.9,10.05,11/8/16,48.02,45.93,2.09,7.96,7.96,1.0,average of multiple versions or turnout models listed in poll,17,0.4309864106234889
50,74077,2016_Pres-G_AZ,2016,AZ,Pres-G,Pres-G,Monmouth University,,10/23/16,401.0,Democrat,45.0,Republican,46.0,4.0,-1.0,11/8/16,44.58,48.08,-3.5,2.5,2.5,1.0,,16,0.45286183213195336
51,74546,2016_Pres-G_AZ,2016,AZ,Pres-G,Pres-G,Saguaro Strategies,,10/23/16,2385.0,Democrat,48.0,Republican,46.0,5.0,2.0,11/8/16,44.58,48.08,-3.5,5.5,5.5,0.0,,16,0.45286183213195336
52,74258,2016_Pres-G_FL,2016,FL,Pres-G,Pres-G,Selzer & Company,,10/23/16,805.0,Democrat,44.0,Republican,45.5,4.0,-1.5,11/8/16,47.41,48.6,-1.19,0.31,-0.31,1.0,average of multiple versions or turnout models listed in poll,16,0.45286183213195336
53,74383,2016_Pres-G_FL,2016,FL,Pres-G,Pres-G,University of North Florida,,10/23/16,802.5,Democrat,44.5,Republican,41.5,6.0,3.0,11/8/16,47.41,48.6,-1.19,4.19,4.19,0.0,average of multiple versions or turnout models listed in poll,16,0.45286183213195336
54,74525,2016_Pres-G_GA,2016,GA,Pres-G,Pres-G,Quinnipiac University,,10/23/16,707.0,Democrat,44.5,Republican,45.0,8.0,-0.5,11/8/16,45.35,50.44,-5.1,4.6,4.6,1.0,average of multiple versions or turnout models listed in poll,16,0.45286183213195336
55,74526,2016_Pres-G_IA,2016,IA,Pres-G,Pres-G,Quinnipiac University,,10/23/16,791.0,Democrat,45.0,Republican,45.5,4.0,-0.5,11/8/16,41.74,51.15,-9.41,8.91,8.91,1.0,average of multiple versions or turnout models listed in poll,16,0.45286183213195336
56,74082,2016_Pres-G_IN,2016,IN,Pres-G,Pres-G,Gravis Marketing,,10/23/16,596.0,Democrat,38.0,Republican,49.0,5.0,-11.0,11/8/16,37.46,56.47,-19.01,8.01,8.01,1.0,among registered voters,16,0.45286183213195336
57,74763,2016_Pres-G_ME,2016,ME,Pres-G,Pres-G,University of New Hampshire,,10/23/16,670.0,Democrat,48.0,Republican,37.0,5.0,11.0,11/8/16,47.83,44.87,2.96,8.04,8.04,1.0,,16,0.45286183213195336
58,74381,2016_Pres-G_MI,2016,MI,Pres-G,Pres-G,EPIC-MRA,,10/23/16,600.0,Democrat,43.0,Republican,35.5,9.0,7.5,11/8/16,47.03,47.25,-0.22,7.72,7.72,0.0,average of multiple versions or turnout models listed in poll,16,0.45286183213195336
59,74040,2016_Pres-G_MI,2016,MI,Pres-G,Pres-G,Mitchell Research & Communications,,10/23/16,1241.0,Democrat,50.0,Republican,42.0,3.0,8.0,11/8/16,47.03,47.25,-0.22,8.22,8.22,0.0,average of multiple versions or turnout models listed in poll,16,0.45286183213195336
60,74527,2016_Pres-G_NC,2016,NC,Pres-G,Pres-G,Quinnipiac University,,10/23/16,702.0,Democrat,48.5,Republican,43.5,5.0,5.0,11/8/16,46.17,49.83,-3.66,8.66,8.66,0.0,average of multiple versions or turnout models listed in poll,16,0.45286183213195336
61,74688,2016_Pres-G_PA,2016,PA,Pres-G,Pres-G,Muhlenberg College,,10/23/16,420.0,Democrat,45.5,Republican,40.0,8.0,5.5,11/8/16,47.46,48.17,-0.72,6.22,6.22,0.0,average of multiple versions or turnout models listed in poll,16,0.45286183213195336
62,74324,2016_Pres-G_TX,2016,TX,Pres-G,Pres-G,Rasmussen Reports/Pulse Opinion Research,,10/23/16,800.0,Democrat,38.0,Republican,45.0,7.0,-7.0,11/8/16,43.12,52.1,-8.98,1.98,1.98,1.0,for Crosswind Media & Public Relations as Pulse Opinion Research,16,0.45286183213195336
63,74120,2016_Pres-G_US,2016,US,Pres-G,Pres-G,Greenberg Quinlan Rosner (Democracy Corps),,10/23/16,900.0,Democrat,51.5,Republican,39.5,5.0,12.0,11/8/16,48.02,45.93,2.09,9.91,9.91,1.0,average of multiple versions or turnout models listed in poll,16,0.45286183213195336
64,74507,2016_Pres-G_US,2016,US,Pres-G,Pres-G,NBC News/Wall Street Journal,,10/23/16,724.0,Democrat,45.0,Republican,35.5,7.0,9.5,11/8/16,48.02,45.93,2.09,7.41,7.41,1.0,conducted by same team as NBC News/Wall Street Journal and so listed with NBC/WSJ; average of multiple versions or turnout models listed in poll,16,0.45286183213195336
65,79884,2016_Pres-G_US,2016,US,Pres-G,Pres-G,People's Pundit Daily,,10/23/16,2102.0,Democrat,41.5,Republican,41.1,8.1,0.4,11/8/16,48.02,45.93,2.09,1.69,-1.69,1.0,,16,0.45286183213195336
66,74520,2016_Pres-G_US,2016,US,Pres-G,Pres-G,Pew Research Center,,10/23/16,2120.0,Democrat,48.0,Republican,41.5,6.0,6.5,11/8/16,48.02,45.93,2.09,4.41,4.41,1.0,average of multiple versions or turnout models listed in poll; among registered voters,16,0.45286183213195336
67,74528,2016_Pres-G_VA,2016,VA,Pres-G,Pres-G,Quinnipiac University,,10/23/16,749.0,Democrat,51.5,Republican,39.0,4.0,12.5,11/8/16,49.75,44.43,5.32,7.18,7.18,1.0,average of multiple versions or turnout models listed in poll,16,0.45286183213195336
68,74749,2016_Pres-G_AK,2016,AK,Pres-G,Pres-G,Craciun Research,,10/24/16,400.0,Democrat,47.0,Republican,43.0,7.0,4.0,11/8/16,36.55,51.28,-14.73,18.73,18.73,0.0,,15,0.47584757650530984
69,74564,2016_Pres-G_FL,2016,FL,Pres-G,Pres-G,Saint Leo University,,10/24/16,1028.0,Democrat,50.4,Republican,36.95,5.05,13.45,11/8/16,47.41,48.6,-1.19,14.64,14.64,0.0,average of multiple versions or turnout models listed in poll,15,0.47584757650530984
70,74508,2016_Pres-G_ID,2016,ID,Pres-G,Pres-G,Rasmussen Reports/Pulse Opinion Research,,10/24/16,750.0,Democrat,29.0,Republican,48.0,10.0,-19.0,11/8/16,27.48,59.25,-31.76,12.76,12.76,1.0,,15,0.47584757650530984
71,74695,2016_Pres-G_MN,2016,MN,Pres-G,Pres-G,SurveyUSA,,10/24/16,656.0,Democrat,51.0,Republican,40.5,5.0,10.5,11/8/16,46.44,44.93,1.51,8.99,8.99,1.0,average of multiple versions or turnout models listed in poll,15,0.47584757650530984
72,74518,2016_Pres-G_MO,2016,MO,Pres-G,Pres-G,Remington Research Group,,10/24/16,2559.0,Democrat,39.0,Republican,50.0,4.0,-11.0,11/8/16,37.87,56.38,-18.51,7.51,7.51,1.0,,15,0.47584757650530984
73,74625,2016_Pres-G_NH,2016,NH,Pres-G,Pres-G,Emerson College,,10/24/16,600.0,Democrat,46.0,Republican,43.0,6.0,3.0,11/8/16,46.83,46.46,0.37,2.63,2.63,1.0,,15,0.47584757650530984
74,74322,2016_Pres-G_NH,2016,NH,Pres-G,Pres-G,Monmouth University,,10/24/16,401.0,Democrat,46.0,Republican,42.0,7.0,4.0,11/8/16,46.83,46.46,0.37,3.63,3.63,1.0,,15,0.47584757650530984
75,74511,2016_Pres-G_NM,2016,NM,Pres-G,Pres-G,Zia Poll,,10/24/16,1899.0,Democrat,45.0,Republican,40.0,9.0,5.0,11/8/16,48.26,40.04,8.21,3.21,-3.21,1.0,,15,0.47584757650530984
76,74387,2016_Pres-G_PA,2016,PA,Pres-G,Pres-G,Siena College,,10/24/16,824.0,Democrat,47.5,Republican,40.5,6.0,7.0,11/8/16,47.46,48.17,-0.72,7.72,7.72,0.0,average of multiple versions or turnout models listed in poll,15,0.47584757650530984
77,74392,2016_Pres-G_US,2016,US,Pres-G,Pres-G,ABC News/Washington Post,,10/24/16,1135.0,Democrat,49.5,Republican,43.0,5.0,6.5,11/8/16,48.02,45.93,2.09,4.41,4.41,1.0,average of multiple versions or turnout models listed in poll,15,0.47584757650530984
78,74367,2016_Pres-G_US,2016,US,Pres-G,Pres-G,Fox News/Anderson Robbins Research/Shaw & Company Research,,10/24/16,1221.0,Democrat,46.5,Republican,42.5,7.0,4.0,11/8/16,48.02,45.93,2.09,1.91,1.91,1.0,average of multiple versions or turnout models listed in poll,15,0.47584757650530984
79,74565,2016_Pres-G_US,2016,US,Pres-G,Pres-G,Saint Leo University,,10/24/16,1050.0,Democrat,46.05,Republican,34.95,7.6,11.1,11/8/16,48.02,45.93,2.09,9.01,9.01,1.0,average of multiple versions or turnout models listed in poll,15,0.47584757650530984
80,74501,2016_Pres-G_US,2016,US,Pres-G,Pres-G,YouGov,,10/24/16,1209.0,Democrat,47.5,Republican,43.5,4.0,4.0,11/8/16,48.02,45.93,2.09,1.91,1.91,1.0,average of multiple versions or turnout models listed in poll,15,0.47584757650530984
81,74795,2016_Pres-G_UT,2016,UT,Pres-G,Pres-G,Dan Jones & Associates,,10/24/16,823.0,Democrat,24.0,Republican,32.0,30.0,-8.0,11/8/16,27.17,45.05,-17.89,9.89,9.89,1.0,,15,0.47584757650530984
82,74319,2016_Pres-G_UT,2016,UT,Pres-G,Pres-G,Rasmussen Reports/Pulse Opinion Research,,10/24/16,750.0,Democrat,28.0,Republican,32.0,29.0,-4.0,11/8/16,27.17,45.05,-17.89,13.89,13.89,1.0,,15,0.47584757650530984
83,74513,2016_Pres-G_MA,2016,MA,Pres-G,Pres-G,Suffolk University,,10/25/16,500.0,Democrat,57.0,Republican,25.0,4.0,32.0,11/8/16,60.01,32.81,27.2,4.8,4.8,1.0,,14,0.5
84,75062,2016_Pres-G_ME,2016,ME,Pres-G,Pres-G,Maine People's Resource Center,,10/25/16,812.0,Democrat,44.5,Republican,38.5,9.0,6.0,11/8/16,47.83,44.87,2.96,3.04,3.04,1.0,average of multiple versions or turnout models listed in poll,14,0.5
85,74610,2016_Pres-G_MI,2016,MI,Pres-G,Pres-G,Mitchell Research & Communications,,10/25/16,1030.0,Democrat,49.0,Republican,43.0,4.5,6.0,11/8/16,47.03,47.25,-0.22,6.22,6.22,0.0,average of multiple versions or turnout models listed in poll,14,0.5
86,74545,2016_Pres-G_MO,2016,MO,Pres-G,Pres-G,"Mason-Dixon Polling & Research, Inc.",,10/25/16,625.0,Democrat,42.0,Republican,47.0,3.0,-5.0,11/8/16,37.87,56.38,-18.51,13.51,13.51,1.0,,14,0.5
87,74993,2016_Pres-G_NC,2016,NC,Pres-G,Pres-G,Elon University,,10/25/16,710.0,Democrat,42.0,Republican,41.2,2.6,0.8,11/8/16,46.17,49.83,-3.66,4.46,4.46,0.0,,14,0.5
88,74630,2016_Pres-G_NV,2016,NV,Pres-G,Pres-G,Gravis Marketing,,10/25/16,875.0,Democrat,46.0,Republican,46.0,3.0,0.0,11/8/16,47.92,45.5,2.42,2.42,-2.42,0.5,among registered voters,14,0.5
89,75203,2016_Pres-G_OH,2016,OH,Pres-G,Pres-G,Trafalgar Group,,10/25/16,1150.0,Democrat,44.15,Republican,48.54,1.89,-4.39,11/8/16,43.24,51.31,-8.07,3.68,3.68,1.0,,14,0.5
90,74921,2016_Pres-G_SD,2016,SD,Pres-G,Pres-G,Nielson Brothers Polling,,10/25/16,600.0,Democrat,35.0,Republican,49.0,7.0,-14.0,11/8/16,31.74,61.53,-29.79,15.79,15.79,1.0,,14,0.5
91,74599,2016_Pres-G_US,2016,US,Pres-G,Pres-G,Ipsos,,10/25/16,1158.0,Democrat,42.1,Republican,36.5,6.3,5.6,11/8/16,48.02,45.93,2.09,3.51,3.51,1.0,average of multiple versions or turnout models listed in poll,14,0.5
92,74512,2016_Pres-G_US,2016,US,Pres-G,Pres-G,Lucid,,10/25/16,2602.0,Democrat,43.0,Republican,39.0,6.0,4.0,11/8/16,48.02,45.93,2.09,1.91,1.91,1.0,,14,0.5
93,74552,2016_Pres-G_VA,2016,VA,Pres-G,Pres-G,Christopher Newport University,,10/25/16,814.0,Democrat,46.0,Republican,39.0,5.0,7.0,11/8/16,49.75,44.43,5.32,1.68,1.68,1.0,,14,0.5
94,74563,2016_Pres-G_VT,2016,VT,Pres-G,Pres-G,Red Racing Horses,,10/25/16,1052.0,Democrat,52.0,Republican,26.0,5.0,26.0,11/8/16,56.68,30.27,26.41,0.41,-0.41,1.0,,14,0.5
95,74752,2016_Pres-G_AK,2016,AK,Pres-G,Pres-G,Google Consumer Surveys,,10/26/16,446.0,Democrat,38.0,Republican,39.0,11.0,-1.0,11/8/16,36.55,51.28,-14.73,13.73,13.73,1.0,,13,0.5253783193266097
96,75803,2016_Pres-G_CA,2016,CA,Pres-G,Pres-G,Greenberg Quinlan Rosner/American Viewpoint,,10/26/16,1382.0,Democrat,56.0,Republican,31.5,4.0,24.5,11/8/16,61.48,31.49,29.99,5.49,-5.49,1.0,average of multiple versions or turnout models listed in poll,13,0.5253783193266097
97,74529,2016_Pres-G_FL,2016,FL,Pres-G,Pres-G,Dixie Strategies,,10/26/16,698.0,Democrat,42.4,Republican,45.7,,-3.3,11/8/16,47.41,48.6,-1.19,2.11,-2.11,1.0,,13,0.5253783193266097
98,74755,2016_Pres-G_FL,2016,FL,Pres-G,Pres-G,Gravis Marketing,,10/26/16,1301.0,Democrat,48.0,Republican,47.0,1.0,1.0,11/8/16,47.41,48.6,-1.19,2.19,2.19,0.0,among registered voters,13,0.5253783193266097
99,74782,2016_Pres-G_FL,2016,FL,Pres-G,Pres-G,Marist College,,10/26/16,779.0,Democrat,45.5,Republican,45.0,5.0,0.5,11/8/16,47.41,48.6,-1.19,1.69,1.69,0.0,average of multiple versions or turnout models listed in poll,13,0.5253783193266097
100,74560,2016_Pres-G_FL,2016,FL,Pres-G,Pres-G,Public Policy Polling,,10/26/16,742.0,Democrat,48.0,Republican,44.0,,4.0,11/8/16,47.41,48.6,-1.19,5.19,5.19,0.0,,13,0.5253783193266097
101,74611,2016_Pres-G_FL,2016,FL,Pres-G,Pres-G,Rasmussen Reports/Pulse Opinion Research,,10/26/16,525.0,Democrat,42.0,Republican,48.0,3.0,-6.0,11/8/16,47.41,48.6,-1.19,4.81,-4.81,1.0,for Auto Alliance/ESA as Pulse Opinion Research,13,0.5253783193266097
102,74762,2016_Pres-G_FL,2016,FL,Pres-G,Pres-G,Siena College,,10/26/16,815.0,Democrat,43.5,Republican,47.0,4.0,-3.5,11/8/16,47.41,48.6,-1.19,2.31,-2.31,1.0,average of multiple versions or turnout models listed in poll,13,0.5253783193266097
103,74803,2016_Pres-G_GA,2016,GA,Pres-G,Pres-G,SurveyUSA,,10/26/16,683.0,Democrat,42.0,Republican,49.0,3.0,-7.0,11/8/16,45.35,50.44,-5.1,1.9,-1.9,1.0,among registered voters,13,0.5253783193266097
104,74751,2016_Pres-G_ID,2016,ID,Pres-G,Pres-G,Google Consumer Surveys,,10/26/16,417.0,Democrat,29.0,Republican,41.0,17.0,-12.0,11/8/16,27.48,59.25,-31.76,19.76,19.76,1.0,,13,0.5253783193266097
105,74626,2016_Pres-G_MI,2016,MI,Pres-G,Pres-G,Emerson College,,10/26/16,500.0,Democrat,50.0,Republican,43.0,3.0,7.0,11/8/16,47.03,47.25,-0.22,7.22,7.22,0.0,,13,0.5253783193266097
106,74754,2016_Pres-G_NC,2016,NC,Pres-G,Pres-G,Gravis Marketing,,10/26/16,1273.0,Democrat,49.0,Republican,47.0,1.0,2.0,11/8/16,46.17,49.83,-3.66,5.66,5.66,0.0,among registered voters,13,0.5253783193266097
107,74772,2016_Pres-G_NC,2016,NC,Pres-G,Pres-G,Marist College,,10/26/16,780.0,Democrat,48.5,Republican,42.5,8.0,6.0,11/8/16,46.17,49.83,-3.66,9.66,9.66,0.0,average of multiple versions or turnout models listed in poll,13,0.5253783193266097
108,74614,2016_Pres-G_NC,2016,NC,Pres-G,Pres-G,Rasmussen Reports/Pulse Opinion Research,,10/26/16,525.0,Democrat,47.0,Republican,44.0,5.0,3.0,11/8/16,46.17,49.83,-3.66,6.66,6.66,0.0,for Auto Alliance/ESA as Pulse Opinion Research,13,0.5253783193266097
109,74613,2016_Pres-G_NH,2016,NH,Pres-G,Pres-G,Rasmussen Reports/Pulse Opinion Research,,10/26/16,525.0,Democrat,47.0,Republican,39.0,8.0,8.0,11/8/16,46.83,46.46,0.37,7.63,7.63,1.0,for Auto Alliance/ESA as Pulse Opinion Research,13,0.5253783193266097
110,74612,2016_Pres-G_NV,2016,NV,Pres-G,Pres-G,Rasmussen Reports/Pulse Opinion Research,,10/26/16,525.0,Democrat,43.0,Republican,42.0,8.0,1.0,11/8/16,47.92,45.5,2.42,1.42,-1.42,1.0,for Auto Alliance/ESA as Pulse Opinion Research,13,0.5253783193266097
111,74615,2016_Pres-G_OH,2016,OH,Pres-G,Pres-G,Rasmussen Reports/Pulse Opinion Research,,10/26/16,525.0,Democrat,46.0,Republican,42.0,4.0,4.0,11/8/16,43.24,51.31,-8.07,12.07,12.07,0.0,for Auto Alliance/ESA as Pulse Opinion Research,13,0.5253783193266097
112,74627,2016_Pres-G_PA,2016,PA,Pres-G,Pres-G,Emerson College,,10/26/16,550.0,Democrat,48.0,Republican,43.0,6.0,5.0,11/8/16,47.46,48.17,-0.72,5.72,5.72,0.0,,13,0.5253783193266097
113,74616,2016_Pres-G_PA,2016,PA,Pres-G,Pres-G,Rasmussen Reports/Pulse Opinion Research,,10/26/16,525.0,Democrat,47.0,Republican,40.0,5.0,7.0,11/8/16,47.46,48.17,-0.72,7.72,7.72,0.0,for Auto Alliance/ESA as Pulse Opinion Research,13,0.5253783193266097
114,74547,2016_Pres-G_US,2016,US,Pres-G,Pres-G,Gravis Marketing,,10/26/16,1824.0,Democrat,46.0,Republican,45.0,2.0,1.0,11/8/16,48.02,45.93,2.09,1.09,-1.09,1.0,among registered voters,13,0.5253783193266097
115,75084,2016_Pres-G_US,2016,US,Pres-G,Pres-G,RAND (American Life Panel),,10/26/16,2269.0,Democrat,43.7,Republican,34.6,7.7,9.1,11/8/16,48.02,45.93,2.09,7.01,7.01,1.0,,13,0.5253783193266097
116,74556,2016_Pres-G_US,2016,US,Pres-G,Pres-G,Rasmussen Reports/Pulse Opinion Research,,10/26/16,1500.0,Democrat,45.0,Republican,45.0,3.0,0.0,11/8/16,48.02,45.93,2.09,2.09,-2.09,0.5,,13,0.5253783193266097
117,74683,2016_Pres-G_AZ,2016,AZ,Pres-G,Pres-G,Data Orbital,,10/27/16,550.0,Democrat,40.0,Republican,42.0,5.0,-2.0,11/8/16,44.58,48.08,-3.5,1.5,1.5,1.0,,12,0.5520447568369062
118,74788,2016_Pres-G_AZ,2016,AZ,Pres-G,Pres-G,YouGov,,10/27/16,994.0,Democrat,42.0,Republican,44.0,4.0,-2.0,11/8/16,44.58,48.08,-3.5,1.5,1.5,1.0,,12,0.5520447568369062
119,74790,2016_Pres-G_CO,2016,CO,Pres-G,Pres-G,YouGov,,10/27/16,997.0,Democrat,42.0,Republican,39.0,7.0,3.0,11/8/16,48.16,43.25,4.91,1.91,-1.91,1.0,,12,0.5520447568369062
120,74739,2016_Pres-G_FL,2016,FL,Pres-G,Pres-G,Emerson College,,10/27/16,500.0,Democrat,46.0,Republican,45.0,4.0,1.0,11/8/16,47.41,48.6,-1.19,2.19,2.19,0.0,,12,0.5520447568369062
121,75069,2016_Pres-G_IL,2016,IL,Pres-G,Pres-G,Loras College,,10/27/16,600.0,Democrat,46.4,Republican,35.3,6.0,11.1,11/8/16,55.24,38.36,16.89,5.79,-5.79,1.0,average of multiple versions or turnout models listed in poll,12,0.5520447568369062
122,74812,2016_Pres-G_KY,2016,KY,Pres-G,Pres-G,Cygnal Political,,10/27/16,811.0,Democrat,32.0,Republican,56.0,,-24.0,11/8/16,32.68,62.52,-29.84,5.84,5.84,1.0,,12,0.5520447568369062
123,75472,2016_Pres-G_KY,2016,KY,Pres-G,Pres-G,Google Consumer Surveys,,10/27/16,1004.0,Democrat,24.8,Republican,38.2,7.0,-13.4,11/8/16,32.68,62.52,-29.84,16.44,16.44,1.0,among all adults,12,0.5520447568369062
124,74742,2016_Pres-G_NC,2016,NC,Pres-G,Pres-G,Emerson College,,10/27/16,650.0,Democrat,48.0,Republican,45.0,4.0,3.0,11/8/16,46.17,49.83,-3.66,6.66,6.66,0.0,,12,0.5520447568369062
125,74789,2016_Pres-G_NC,2016,NC,Pres-G,Pres-G,YouGov,,10/27/16,992.0,Democrat,48.0,Republican,45.0,3.0,3.0,11/8/16,46.17,49.83,-3.66,6.66,6.66,0.0,,12,0.5520447568369062
126,74815,2016_Pres-G_NH,2016,NH,Pres-G,Pres-G,Praecones Analytica,,10/27/16,408.0,Democrat,44.2,Republican,45.85,4.4,-1.65,11/8/16,46.83,46.46,0.37,2.02,-2.02,0.0,average of multiple versions or turnout models listed in poll,12,0.5520447568369062
127,74743,2016_Pres-G_NV,2016,NV,Pres-G,Pres-G,Emerson College,,10/27/16,550.0,Democrat,44.0,Republican,42.0,3.0,2.0,11/8/16,47.92,45.5,2.42,0.42,-0.42,1.0,,12,0.5520447568369062
128,74740,2016_Pres-G_OH,2016,OH,Pres-G,Pres-G,Emerson College,,10/27/16,800.0,Democrat,45.0,Republican,45.0,6.0,0.0,11/8/16,43.24,51.31,-8.07,8.07,8.07,0.5,,12,0.5520447568369062
129,75108,2016_Pres-G_OR,2016,OR,Pres-G,Pres-G,"Davis, Hibbitts & Midghall, Inc.",,10/27/16,504.0,Democrat,41.0,Republican,34.0,4.0,7.0,11/8/16,50.07,39.09,10.98,3.98,-3.98,1.0,,12,0.5520447568369062
130,74787,2016_Pres-G_PA,2016,PA,Pres-G,Pres-G,YouGov,,10/27/16,1091.0,Democrat,48.0,Republican,40.0,5.0,8.0,11/8/16,47.46,48.17,-0.72,8.72,8.72,0.0,,12,0.5520447568369062
131,74938,2016_Pres-G_US,2016,US,Pres-G,Pres-G,CVOTER International,,10/27/16,1299.0,Democrat,48.81,Republican,47.71,,1.1,11/8/16,48.02,45.93,2.09,0.99,-0.99,1.0,,12,0.5520447568369062
132,74760,2016_Pres-G_US,2016,US,Pres-G,Pres-G,IBD/TIPP,,10/27/16,1039.0,Democrat,44.5,Republican,41.45,5.6,3.05,11/8/16,48.02,45.93,2.09,0.96,0.96,1.0,average of multiple versions or turnout models listed in poll,12,0.5520447568369062
133,74913,2016_Pres-G_US,2016,US,Pres-G,Pres-G,SurveyMonkey,,10/27/16,40816.0,Democrat,49.0,Republican,42.5,6.0,6.5,11/8/16,48.02,45.93,2.09,4.41,4.41,1.0,average of multiple versions or turnout models listed in poll,12,0.5520447568369062
134,75796,2016_Pres-G_VA,2016,VA,Pres-G,Pres-G,Roanoke College,,10/27/16,766.0,Democrat,52.5,Republican,33.5,8.0,19.0,11/8/16,49.75,44.43,5.32,13.68,13.68,1.0,average of multiple versions or turnout models listed in poll,12,0.5520447568369062
135,75208,2016_Pres-G_VA,2016,VA,Pres-G,Pres-G,Winthrop University,,10/27/16,712.0,Democrat,46.5,Republican,41.0,5.0,5.5,11/8/16,49.75,44.43,5.32,0.18,0.18,1.0,average of multiple versions or turnout models listed in poll,12,0.5520447568369062
136,74940,2016_Pres-G_AK,2016,AK,Pres-G,Pres-G,SurveyMonkey,,10/28/16,300.0,Democrat,38.0,Republican,46.0,13.0,-8.0,11/8/16,36.55,51.28,-14.73,6.73,6.73,1.0,,11,0.5800646930800815
137,74939,2016_Pres-G_AL,2016,AL,Pres-G,Pres-G,SurveyMonkey,,10/28/16,485.0,Democrat,35.0,Republican,55.0,5.0,-20.0,11/8/16,34.36,62.08,-27.73,7.73,7.73,1.0,,11,0.5800646930800815
138,74942,2016_Pres-G_AR,2016,AR,Pres-G,Pres-G,SurveyMonkey,,10/28/16,484.0,Democrat,39.0,Republican,52.0,5.0,-13.0,11/8/16,33.65,60.57,-26.92,13.92,13.92,1.0,,11,0.5800646930800815
139,74941,2016_Pres-G_AZ,2016,AZ,Pres-G,Pres-G,SurveyMonkey,,10/28/16,1457.0,Democrat,43.0,Republican,44.0,8.0,-1.0,11/8/16,44.58,48.08,-3.5,2.5,2.5,1.0,,11,0.5800646930800815
140,74943,2016_Pres-G_CA,2016,CA,Pres-G,Pres-G,SurveyMonkey,,10/28/16,2505.0,Democrat,55.0,Republican,30.0,7.0,25.0,11/8/16,61.48,31.49,29.99,4.99,-4.99,1.0,,11,0.5800646930800815
141,75391,2016_Pres-G_CA,2016,CA,Pres-G,Pres-G,YouGov,,10/28/16,1498.0,Democrat,53.0,Republican,33.0,4.0,20.0,11/8/16,61.48,31.49,29.99,9.99,-9.99,1.0,aka Field/IGS/YouGov,11,0.5800646930800815
142,74944,2016_Pres-G_CO,2016,CO,Pres-G,Pres-G,SurveyMonkey,,10/28/16,1532.0,Democrat,43.0,Republican,39.0,11.0,4.0,11/8/16,48.16,43.25,4.91,0.91,-0.91,1.0,,11,0.5800646930800815
143,74945,2016_Pres-G_CT,2016,CT,Pres-G,Pres-G,SurveyMonkey,,10/28/16,554.0,Democrat,51.0,Republican,39.0,5.0,12.0,11/8/16,54.57,40.93,13.64,1.64,-1.64,1.0,,11,0.5800646930800815
144,74946,2016_Pres-G_DC,2016,DC,Pres-G,Pres-G,SurveyMonkey,,10/28/16,332.0,Democrat,88.0,Republican,4.0,4.0,84.0,11/8/16,90.86,4.09,86.78,2.78,-2.78,1.0,,11,0.5800646930800815
145,74947,2016_Pres-G_DE,2016,DE,Pres-G,Pres-G,SurveyMonkey,,10/28/16,458.0,Democrat,50.0,Republican,38.0,6.0,12.0,11/8/16,53.09,41.71,11.37,0.63,0.63,1.0,,11,0.5800646930800815
146,74948,2016_Pres-G_FL,2016,FL,Pres-G,Pres-G,SurveyMonkey,,10/28/16,2809.0,Democrat,46.0,Republican,45.0,5.0,1.0,11/8/16,47.41,48.6,-1.19,2.19,2.19,0.0,,11,0.5800646930800815
147,75145,2016_Pres-G_FL,2016,FL,Pres-G,Pres-G,TargetSmart/William & Mary,,10/28/16,718.0,Democrat,48.0,Republican,40.0,3.0,8.0,11/8/16,47.41,48.6,-1.19,9.19,9.19,0.0,,11,0.5800646930800815
148,74949,2016_Pres-G_GA,2016,GA,Pres-G,Pres-G,SurveyMonkey,,10/28/16,2665.0,Democrat,44.0,Republican,46.0,7.0,-2.0,11/8/16,45.35,50.44,-5.1,3.1,3.1,1.0,,11,0.5800646930800815
149,74950,2016_Pres-G_HI,2016,HI,Pres-G,Pres-G,SurveyMonkey,,10/28/16,467.0,Democrat,51.0,Republican,32.0,7.0,19.0,11/8/16,62.22,30.04,32.18,13.18,-13.18,1.0,,11,0.5800646930800815
150,74954,2016_Pres-G_IA,2016,IA,Pres-G,Pres-G,SurveyMonkey,,10/28/16,984.0,Democrat,40.0,Republican,45.0,10.0,-5.0,11/8/16,41.74,51.15,-9.41,4.41,4.41,1.0,,11,0.5800646930800815
151,74951,2016_Pres-G_ID,2016,ID,Pres-G,Pres-G,SurveyMonkey,,10/28/16,447.0,Democrat,31.0,Republican,49.0,10.0,-18.0,11/8/16,27.48,59.25,-31.76,13.76,13.76,1.0,,11,0.5800646930800815
152,74952,2016_Pres-G_IL,2016,IL,Pres-G,Pres-G,SurveyMonkey,,10/28/16,1003.0,Democrat,52.0,Republican,35.0,8.0,17.0,11/8/16,55.24,38.36,16.89,0.11,0.11,1.0,,11,0.5800646930800815
153,74953,2016_Pres-G_IN,2016,IN,Pres-G,Pres-G,SurveyMonkey,,10/28/16,674.0,Democrat,37.0,Republican,51.0,10.0,-14.0,11/8/16,37.46,56.47,-19.01,5.01,5.01,1.0,,11,0.5800646930800815
154,74955,2016_Pres-G_KS,2016,KS,Pres-G,Pres-G,SurveyMonkey,,10/28/16,1273.0,Democrat,36.0,Republican,47.0,12.0,-11.0,11/8/16,35.74,56.16,-20.42,9.42,9.42,1.0,,11,0.5800646930800815
155,75206,2016_Pres-G_KS,2016,KS,Pres-G,Pres-G,SurveyUSA,,10/28/16,624.0,Democrat,38.0,Republican,49.0,7.0,-11.0,11/8/16,35.74,56.16,-20.42,9.42,9.42,1.0,,11,0.5800646930800815
156,74956,2016_Pres-G_KY,2016,KY,Pres-G,Pres-G,SurveyMonkey,,10/28/16,424.0,Democrat,31.0,Republican,58.0,8.0,-27.0,11/8/16,32.68,62.52,-29.84,2.84,2.84,1.0,,11,0.5800646930800815
157,74995,2016_Pres-G_KY,2016,KY,Pres-G,Pres-G,Western Kentucky University,,10/28/16,602.0,Democrat,37.0,Republican,54.0,1.0,-17.0,11/8/16,32.68,62.52,-29.84,12.84,12.84,1.0,,11,0.5800646930800815
158,74957,2016_Pres-G_LA,2016,LA,Pres-G,Pres-G,SurveyMonkey,,10/28/16,423.0,Democrat,38.0,Republican,51.0,5.0,-13.0,11/8/16,38.45,58.09,-19.64,6.64,6.64,1.0,,11,0.5800646930800815
159,74960,2016_Pres-G_MA,2016,MA,Pres-G,Pres-G,SurveyMonkey,,10/28/16,796.0,Democrat,58.0,Republican,29.0,7.0,29.0,11/8/16,60.01,32.81,27.2,1.8,1.8,1.0,,11,0.5800646930800815
160,75697,2016_Pres-G_MA,2016,MA,Pres-G,Pres-G,Western New England University,,10/28/16,417.0,Democrat,56.0,Republican,26.0,8.0,30.0,11/8/16,60.01,32.81,27.2,2.8,2.8,1.0,,11,0.5800646930800815
161,74959,2016_Pres-G_MD,2016,MD,Pres-G,Pres-G,SurveyMonkey,,10/28/16,740.0,Democrat,63.0,Republican,27.0,6.0,36.0,11/8/16,60.33,33.91,26.42,9.58,9.58,1.0,,11,0.5800646930800815
162,74958,2016_Pres-G_ME,2016,ME,Pres-G,Pres-G,SurveyMonkey,,10/28/16,432.0,Democrat,49.0,Republican,37.0,6.0,12.0,11/8/16,47.83,44.87,2.96,9.04,9.04,1.0,,11,0.5800646930800815
163,74961,2016_Pres-G_MI,2016,MI,Pres-G,Pres-G,SurveyMonkey,,10/28/16,1649.0,Democrat,43.0,Republican,42.0,8.0,1.0,11/8/16,47.03,47.25,-0.22,1.22,1.22,0.0,,11,0.5800646930800815
164,74962,2016_Pres-G_MN,2016,MN,Pres-G,Pres-G,SurveyMonkey,,10/28/16,773.0,Democrat,46.0,Republican,37.0,9.0,9.0,11/8/16,46.44,44.93,1.51,7.49,7.49,1.0,,11,0.5800646930800815
165,74895,2016_Pres-G_MO,2016,MO,Pres-G,Pres-G,BK Strategies,,10/28/16,1698.0,Democrat,39.0,Republican,53.0,,-14.0,11/8/16,37.87,56.38,-18.51,4.51,4.51,1.0,,11,0.5800646930800815
166,74964,2016_Pres-G_MO,2016,MO,Pres-G,Pres-G,SurveyMonkey,,10/28/16,671.0,Democrat,39.0,Republican,46.0,10.0,-7.0,11/8/16,37.87,56.38,-18.51,11.51,11.51,1.0,,11,0.5800646930800815
167,74963,2016_Pres-G_MS,2016,MS,Pres-G,Pres-G,SurveyMonkey,,10/28/16,648.0,Democrat,41.0,Republican,48.0,6.0,-7.0,11/8/16,40.06,57.86,-17.8,10.8,10.8,1.0,,11,0.5800646930800815
168,74965,2016_Pres-G_MT,2016,MT,Pres-G,Pres-G,SurveyMonkey,,10/28/16,405.0,Democrat,36.0,Republican,49.0,11.0,-13.0,11/8/16,35.41,55.65,-20.23,7.23,7.23,1.0,,11,0.5800646930800815
169,74972,2016_Pres-G_NC,2016,NC,Pres-G,Pres-G,SurveyMonkey,,10/28/16,1574.0,Democrat,47.0,Republican,44.0,7.0,3.0,11/8/16,46.17,49.83,-3.66,6.66,6.66,0.0,,11,0.5800646930800815
170,74973,2016_Pres-G_ND,2016,ND,Pres-G,Pres-G,SurveyMonkey,,10/28/16,279.0,Democrat,31.0,Republican,53.0,12.0,-22.0,11/8/16,27.23,62.96,-35.73,13.73,13.73,1.0,,11,0.5800646930800815
171,74966,2016_Pres-G_NE,2016,NE,Pres-G,Pres-G,SurveyMonkey,,10/28/16,412.0,Democrat,32.0,Republican,52.0,10.0,-20.0,11/8/16,33.7,58.75,-25.05,5.05,5.05,1.0,,11,0.5800646930800815
172,74968,2016_Pres-G_NH,2016,NH,Pres-G,Pres-G,SurveyMonkey,,10/28/16,659.0,Democrat,48.0,Republican,35.0,10.0,13.0,11/8/16,46.83,46.46,0.37,12.63,12.63,1.0,,11,0.5800646930800815
173,76005,2016_Pres-G_NH,2016,NH,Pres-G,Pres-G,University of New Hampshire,,10/28/16,516.0,Democrat,46.0,Republican,38.0,7.0,8.0,11/8/16,46.83,46.46,0.37,7.63,7.63,1.0,,11,0.5800646930800815
174,74969,2016_Pres-G_NJ,2016,NJ,Pres-G,Pres-G,SurveyMonkey,,10/28/16,724.0,Democrat,55.0,Republican,35.0,4.0,20.0,11/8/16,54.99,41.0,13.98,6.02,6.02,1.0,,11,0.5800646930800815
175,74970,2016_Pres-G_NM,2016,NM,Pres-G,Pres-G,SurveyMonkey,,10/28/16,987.0,Democrat,44.0,Republican,34.0,17.0,10.0,11/8/16,48.26,40.04,8.21,1.79,1.79,1.0,,11,0.5800646930800815
176,74967,2016_Pres-G_NV,2016,NV,Pres-G,Pres-G,SurveyMonkey,,10/28/16,1010.0,Democrat,43.0,Republican,42.0,12.0,1.0,11/8/16,47.92,45.5,2.42,1.42,-1.42,1.0,,11,0.5800646930800815
177,82776,2016_Pres-G_NY,2016,NY,Pres-G,Pres-G,McLaughlin & Associates,R,10/28/16,600.0,Democrat,49.0,Republican,38.0,4.0,11.0,11/8/16,59.0,36.51,22.49,11.49,-11.49,1.0,for New York State Republican Party,11,0.5800646930800815
178,74971,2016_Pres-G_NY,2016,NY,Pres-G,Pres-G,SurveyMonkey,,10/28/16,1734.0,Democrat,56.0,Republican,33.0,5.0,23.0,11/8/16,59.0,36.51,22.49,0.51,0.51,1.0,,11,0.5800646930800815
179,74974,2016_Pres-G_OH,2016,OH,Pres-G,Pres-G,SurveyMonkey,,10/28/16,1823.0,Democrat,40.0,Republican,45.0,9.0,-5.0,11/8/16,43.24,51.31,-8.07,3.07,3.07,1.0,,11,0.5800646930800815
180,74975,2016_Pres-G_OK,2016,OK,Pres-G,Pres-G,SurveyMonkey,,10/28/16,472.0,Democrat,31.0,Republican,54.0,12.0,-23.0,11/8/16,28.93,65.32,-36.39,13.39,13.39,1.0,,11,0.5800646930800815
181,74976,2016_Pres-G_OR,2016,OR,Pres-G,Pres-G,SurveyMonkey,,10/28/16,743.0,Democrat,51.0,Republican,36.0,7.0,15.0,11/8/16,50.07,39.09,10.98,4.02,4.02,1.0,,11,0.5800646930800815
182,74927,2016_Pres-G_PA,2016,PA,Pres-G,Pres-G,Franklin & Marshall College,,10/28/16,652.0,Democrat,49.0,Republican,38.0,4.0,11.0,11/8/16,47.46,48.17,-0.72,11.72,11.72,0.0,,11,0.5800646930800815
183,74909,2016_Pres-G_PA,2016,PA,Pres-G,Pres-G,Gravis Marketing,,10/28/16,3217.0,Democrat,47.0,Republican,44.0,3.0,3.0,11/8/16,47.46,48.17,-0.72,3.72,3.72,0.0,among registered voters,11,0.5800646930800815
184,74977,2016_Pres-G_PA,2016,PA,Pres-G,Pres-G,SurveyMonkey,,10/28/16,2255.0,Democrat,49.0,Republican,41.0,6.0,8.0,11/8/16,47.46,48.17,-0.72,8.72,8.72,0.0,,11,0.5800646930800815
185,74978,2016_Pres-G_RI,2016,RI,Pres-G,Pres-G,SurveyMonkey,,10/28/16,419.0,Democrat,49.0,Republican,36.0,7.0,13.0,11/8/16,54.41,38.9,15.51,2.51,-2.51,1.0,,11,0.5800646930800815
186,74979,2016_Pres-G_SC,2016,SC,Pres-G,Pres-G,SurveyMonkey,,10/28/16,1762.0,Democrat,43.0,Republican,45.0,6.0,-2.0,11/8/16,40.67,54.94,-14.27,12.27,12.27,1.0,,11,0.5800646930800815
187,74980,2016_Pres-G_SD,2016,SD,Pres-G,Pres-G,SurveyMonkey,,10/28/16,298.0,Democrat,27.0,Republican,53.0,16.0,-26.0,11/8/16,31.74,61.53,-29.79,3.79,3.79,1.0,,11,0.5800646930800815
188,74981,2016_Pres-G_TN,2016,TN,Pres-G,Pres-G,SurveyMonkey,,10/28/16,550.0,Democrat,38.0,Republican,51.0,6.0,-13.0,11/8/16,34.72,60.72,-26.01,13.01,13.01,1.0,,11,0.5800646930800815
189,75052,2016_Pres-G_TX,2016,TX,Pres-G,Pres-G,Dixie Strategies,,10/28/16,980.0,Democrat,39.39,Republican,51.53,2.96,-12.14,11/8/16,43.12,52.1,-8.98,3.16,-3.16,1.0,,11,0.5800646930800815
190,74982,2016_Pres-G_TX,2016,TX,Pres-G,Pres-G,SurveyMonkey,,10/28/16,2051.0,Democrat,41.0,Republican,47.0,8.0,-6.0,11/8/16,43.12,52.1,-8.98,2.98,2.98,1.0,,11,0.5800646930800815
191,74802,2016_Pres-G_US,2016,US,Pres-G,Pres-G,ABC News/Washington Post,,10/28/16,1165.0,Democrat,47.5,Republican,46.0,4.0,1.5,11/8/16,48.02,45.93,2.09,0.59,-0.59,1.0,average of multiple versions or turnout models listed in poll,11,0.5800646930800815
192,74999,2016_Pres-G_US,2016,US,Pres-G,Pres-G,Google Consumer Surveys,,10/28/16,24316.0,Democrat,37.69,Republican,35.07,6.18,2.62,11/8/16,48.02,45.93,2.09,0.53,0.53,1.0,,11,0.5800646930800815
193,74997,2016_Pres-G_US,2016,US,Pres-G,Pres-G,Google Consumer Surveys,,10/28/16,943.0,Democrat,37.1,Republican,36.6,5.9,0.5,11/8/16,48.02,45.93,2.09,1.59,-1.59,1.0,aka Red Oak/Google Consumer Surveys,11,0.5800646930800815
194,74883,2016_Pres-G_US,2016,US,Pres-G,Pres-G,Lucid,,10/28/16,2617.0,Democrat,42.0,Republican,41.0,5.0,1.0,11/8/16,48.02,45.93,2.09,1.09,-1.09,1.0,,11,0.5800646930800815
195,74893,2016_Pres-G_US,2016,US,Pres-G,Pres-G,Morning Consult,,10/28/16,1794.0,Democrat,44.0,Republican,40.0,8.0,4.0,11/8/16,48.02,45.93,2.09,1.91,1.91,1.0,average of multiple versions or turnout models listed in poll,11,0.5800646930800815
196,74923,2016_Pres-G_US,2016,US,Pres-G,Pres-G,USC Dornsife/LA Times,,10/28/16,3145.0,Democrat,43.28,Republican,46.9,,-3.62,11/8/16,48.02,45.93,2.09,5.71,-5.71,0.0,,11,0.5800646930800815
197,74983,2016_Pres-G_UT,2016,UT,Pres-G,Pres-G,SurveyMonkey,,10/28/16,1078.0,Democrat,30.0,Republican,33.0,26.0,-3.0,11/8/16,27.17,45.05,-17.89,14.89,14.89,1.0,,11,0.5800646930800815
198,75284,2016_Pres-G_VA,2016,VA,Pres-G,Pres-G,Hampton University,,10/28/16,802.0,Democrat,41.0,Republican,44.0,,-3.0,11/8/16,49.75,44.43,5.32,8.32,-8.32,0.0,,11,0.5800646930800815
199,74985,2016_Pres-G_VA,2016,VA,Pres-G,Pres-G,SurveyMonkey,,10/28/16,2089.0,Democrat,48.0,Republican,38.0,8.0,10.0,11/8/16,49.75,44.43,5.32,4.68,4.68,1.0,,11,0.5800646930800815
200,74984,2016_Pres-G_VT,2016,VT,Pres-G,Pres-G,SurveyMonkey,,10/28/16,436.0,Democrat,53.0,Republican,25.0,10.0,28.0,11/8/16,56.68,30.27,26.41,1.59,1.59,1.0,,11,0.5800646930800815
201,74986,2016_Pres-G_WA,2016,WA,Pres-G,Pres-G,SurveyMonkey,,10/28/16,745.0,Democrat,53.0,Republican,34.0,7.0,19.0,11/8/16,52.54,36.83,15.71,3.29,3.29,1.0,,11,0.5800646930800815
202,74741,2016_Pres-G_WI,2016,WI,Pres-G,Pres-G,Emerson College,,10/28/16,400.0,Democrat,48.0,Republican,42.0,9.0,6.0,11/8/16,46.45,47.22,-0.76,6.76,6.76,0.0,,11,0.5800646930800815
203,74988,2016_Pres-G_WI,2016,WI,Pres-G,Pres-G,SurveyMonkey,,10/28/16,1195.0,Democrat,44.0,Republican,42.0,7.0,2.0,11/8/16,46.45,47.22,-0.76,2.76,2.76,0.0,,11,0.5800646930800815
204,74987,2016_Pres-G_WV,2016,WV,Pres-G,Pres-G,SurveyMonkey,,10/28/16,321.0,Democrat,27.0,Republican,58.0,6.0,-31.0,11/8/16,26.18,67.85,-41.68,10.68,10.68,1.0,,11,0.5800646930800815
205,74989,2016_Pres-G_WY,2016,WY,Pres-G,Pres-G,SurveyMonkey,,10/28/16,251.0,Democrat,22.0,Republican,62.0,10.0,-40.0,11/8/16,21.88,68.17,-46.3,6.3,6.3,1.0,,11,0.5800646930800815
206,75205,2016_Pres-G_FL,2016,FL,Pres-G,Pres-G,Trafalgar Group,,10/29/16,1150.0,Democrat,44.82,Republican,48.68,2.17,-3.86,11/8/16,47.41,48.6,-1.19,2.67,-2.67,1.0,,10,0.6095068271022377
207,74931,2016_Pres-G_IL,2016,IL,Pres-G,Pres-G,Emerson College,,10/29/16,500.0,Democrat,53.0,Republican,41.0,2.0,12.0,11/8/16,55.24,38.36,16.89,4.89,-4.89,1.0,,10,0.6095068271022377
208,74885,2016_Pres-G_IN,2016,IN,Pres-G,Pres-G,Monmouth University,,10/29/16,402.0,Democrat,39.0,Republican,50.0,4.0,-11.0,11/8/16,37.46,56.47,-19.01,8.01,8.01,1.0,,10,0.6095068271022377
209,74932,2016_Pres-G_ME,2016,ME,Pres-G,Pres-G,Emerson College,,10/29/16,750.0,Democrat,46.0,Republican,42.0,5.0,4.0,11/8/16,47.83,44.87,2.96,1.04,1.04,1.0,,10,0.6095068271022377
210,75454,2016_Pres-G_US,2016,US,Pres-G,Pres-G,Morning Consult,,10/29/16,1037.0,Democrat,51.5,Republican,47.5,,4.0,11/8/16,48.02,45.93,2.09,1.91,1.91,1.0,average of multiple versions or turnout models listed in poll,10,0.6095068271022377
211,74935,2016_Pres-G_VA,2016,VA,Pres-G,Pres-G,ABC News/Washington Post,,10/29/16,1024.0,Democrat,49.5,Republican,43.5,6.0,6.0,11/8/16,49.75,44.43,5.32,0.68,0.68,1.0,"by Washington Post only, but FiveThirtyEight classifies all ABC News and Washington Post polls together even if they're conducted by just one of the news organizations; average of multiple versions or turnout models listed in poll",10,0.6095068271022377
212,74930,2016_Pres-G_VA,2016,VA,Pres-G,Pres-G,Emerson College,,10/29/16,800.0,Democrat,49.0,Republican,45.0,3.0,4.0,11/8/16,49.75,44.43,5.32,1.32,-1.32,1.0,,10,0.6095068271022377
213,75264,2016_Pres-G_WI,2016,WI,Pres-G,Pres-G,Marquette Law School,,10/29/16,1255.0,Democrat,46.0,Republican,40.0,4.0,6.0,11/8/16,46.45,47.22,-0.76,6.76,6.76,0.0,,10,0.6095068271022377
214,75233,2016_Pres-G_AZ,2016,AZ,Pres-G,Pres-G,CNN/Opinion Research Corp.,,10/30/16,769.0,Democrat,45.0,Republican,50.0,5.0,-5.0,11/8/16,44.58,48.08,-3.5,1.5,-1.5,1.0,average of multiple versions or turnout models listed in poll,9,0.6404433448821363
215,75053,2016_Pres-G_AZ,2016,AZ,Pres-G,Pres-G,Data Orbital,,10/30/16,550.0,Democrat,41.0,Republican,45.0,3.0,-4.0,11/8/16,44.58,48.08,-3.5,0.5,-0.5,1.0,,9,0.6404433448821363
216,75214,2016_Pres-G_AZ,2016,AZ,Pres-G,Pres-G,Emerson College,,10/30/16,700.0,Democrat,43.0,Republican,47.0,2.0,-4.0,11/8/16,44.58,48.08,-3.5,0.5,-0.5,1.0,,9,0.6404433448821363
217,75313,2016_Pres-G_AZ,2016,AZ,Pres-G,Pres-G,Lucid,,10/30/16,1113.0,Democrat,41.0,Republican,42.0,8.0,-1.0,11/8/16,44.58,48.08,-3.5,2.5,2.5,1.0,,9,0.6404433448821363
218,75456,2016_Pres-G_AZ,2016,AZ,Pres-G,Pres-G,Saguaro Strategies,,10/30/16,2229.0,Democrat,45.0,Republican,44.0,7.0,1.0,11/8/16,44.58,48.08,-3.5,4.5,4.5,0.0,,9,0.6404433448821363
219,75087,2016_Pres-G_CA,2016,CA,Pres-G,Pres-G,SurveyUSA,,10/30/16,747.0,Democrat,56.0,Republican,35.0,4.0,21.0,11/8/16,61.48,31.49,29.99,8.99,-8.99,1.0,,9,0.6404433448821363
220,75215,2016_Pres-G_CO,2016,CO,Pres-G,Pres-G,Emerson College,,10/30/16,750.0,Democrat,44.0,Republican,41.0,8.0,3.0,11/8/16,48.16,43.25,4.91,1.91,-1.91,1.0,,9,0.6404433448821363
221,75314,2016_Pres-G_CO,2016,CO,Pres-G,Pres-G,Lucid,,10/30/16,972.0,Democrat,44.0,Republican,37.0,9.0,7.0,11/8/16,48.16,43.25,4.91,2.09,2.09,1.0,,9,0.6404433448821363
222,74872,2016_Pres-G_CO,2016,CO,Pres-G,Pres-G,Remington Research Group,,10/30/16,952.0,Democrat,45.0,Republican,44.0,4.0,1.0,11/8/16,48.16,43.25,4.91,3.91,-3.91,1.0,,9,0.6404433448821363
223,75387,2016_Pres-G_CO,2016,CO,Pres-G,Pres-G,University of Denver,,10/30/16,550.0,Democrat,40.5,Republican,40.0,5.0,0.5,11/8/16,48.16,43.25,4.91,4.41,-4.41,1.0,average of multiple versions or turnout models listed in poll,9,0.6404433448821363
224,75237,2016_Pres-G_FL,2016,FL,Pres-G,Pres-G,CNN/Opinion Research Corp.,,10/30/16,773.0,Democrat,49.5,Republican,48.0,3.0,1.5,11/8/16,47.41,48.6,-1.19,2.69,2.69,0.0,average of multiple versions or turnout models listed in poll,9,0.6404433448821363
225,75309,2016_Pres-G_FL,2016,FL,Pres-G,Pres-G,Quinnipiac University,,10/30/16,626.0,Democrat,46.5,Republican,45.0,2.0,1.5,11/8/16,47.41,48.6,-1.19,2.69,2.69,0.0,average of multiple versions or turnout models listed in poll,9,0.6404433448821363
226,74873,2016_Pres-G_FL,2016,FL,Pres-G,Pres-G,Remington Research Group,,10/30/16,989.0,Democrat,44.0,Republican,48.0,2.0,-4.0,11/8/16,47.41,48.6,-1.19,2.81,-2.81,1.0,,9,0.6404433448821363
227,75216,2016_Pres-G_GA,2016,GA,Pres-G,Pres-G,Emerson College,,10/30/16,650.0,Democrat,42.0,Republican,51.0,3.0,-9.0,11/8/16,45.35,50.44,-5.1,3.9,-3.9,1.0,,9,0.6404433448821363
228,74917,2016_Pres-G_MI,2016,MI,Pres-G,Pres-G,Mitchell Research & Communications,,10/30/16,953.0,Democrat,48.75,Republican,41.5,6.0,7.25,11/8/16,47.03,47.25,-0.22,7.47,7.47,0.0,average of multiple versions or turnout models listed in poll,9,0.6404433448821363
229,75227,2016_Pres-G_MI,2016,MI,Pres-G,Pres-G,Strategic National,,10/30/16,500.0,Democrat,45.0,Republican,44.0,5.0,1.0,11/8/16,47.03,47.25,-0.22,1.22,1.22,0.0,,9,0.6404433448821363
230,75384,2016_Pres-G_MO,2016,MO,Pres-G,Pres-G,DFM Research,,10/30/16,508.0,Democrat,38.0,Republican,47.0,3.0,-9.0,11/8/16,37.87,56.38,-18.51,9.51,9.51,1.0,,9,0.6404433448821363
231,75217,2016_Pres-G_MO,2016,MO,Pres-G,Pres-G,Emerson College,,10/30/16,650.0,Democrat,37.0,Republican,52.0,5.0,-15.0,11/8/16,37.87,56.38,-18.51,3.51,3.51,1.0,,9,0.6404433448821363
232,75057,2016_Pres-G_MO,2016,MO,Pres-G,Pres-G,Monmouth University,,10/30/16,405.0,Democrat,38.0,Republican,52.0,4.0,-14.0,11/8/16,37.87,56.38,-18.51,4.51,4.51,1.0,,9,0.6404433448821363
233,75310,2016_Pres-G_NC,2016,NC,Pres-G,Pres-G,Quinnipiac University,,10/30/16,602.0,Democrat,47.5,Republican,45.0,3.0,2.5,11/8/16,46.17,49.83,-3.66,6.16,6.16,0.0,average of multiple versions or turnout models listed in poll,9,0.6404433448821363
234,74875,2016_Pres-G_NC,2016,NC,Pres-G,Pres-G,Remington Research Group,,10/30/16,1176.0,Democrat,45.0,Republican,47.0,2.0,-2.0,11/8/16,46.17,49.83,-3.66,1.66,1.66,1.0,,9,0.6404433448821363
235,75083,2016_Pres-G_NC,2016,NC,Pres-G,Pres-G,SurveyUSA,,10/30/16,659.0,Democrat,44.0,Republican,51.0,,-7.0,11/8/16,46.17,49.83,-3.66,3.34,-3.34,1.0,,9,0.6404433448821363
236,75385,2016_Pres-G_NC,2016,NC,Pres-G,Pres-G,Trafalgar Group,,10/30/16,1150.0,Democrat,44.16,Republican,49.13,3.59,-4.97,11/8/16,46.17,49.83,-3.66,1.31,-1.31,1.0,,9,0.6404433448821363
237,75695,2016_Pres-G_NJ,2016,NJ,Pres-G,Pres-G,Stockton University,,10/30/16,678.0,Democrat,51.0,Republican,40.0,3.0,11.0,11/8/16,54.99,41.0,13.98,2.98,-2.98,1.0,,9,0.6404433448821363
238,75316,2016_Pres-G_NM,2016,NM,Pres-G,Pres-G,Lucid,,10/30/16,567.0,Democrat,39.0,Republican,31.0,22.0,8.0,11/8/16,48.26,40.04,8.21,0.21,-0.21,1.0,,9,0.6404433448821363
239,75241,2016_Pres-G_NV,2016,NV,Pres-G,Pres-G,CNN/Opinion Research Corp.,,10/30/16,790.0,Democrat,44.0,Republican,50.0,5.0,-6.0,11/8/16,47.92,45.5,2.42,8.42,-8.42,0.0,average of multiple versions or turnout models listed in poll,9,0.6404433448821363
240,75268,2016_Pres-G_NV,2016,NV,Pres-G,Pres-G,JMC Enterprises,,10/30/16,600.0,Democrat,45.0,Republican,45.0,4.0,0.0,11/8/16,47.92,45.5,2.42,2.42,-2.42,0.5,,9,0.6404433448821363
241,75315,2016_Pres-G_NV,2016,NV,Pres-G,Pres-G,Lucid,,10/30/16,892.0,Democrat,45.0,Republican,38.0,7.0,7.0,11/8/16,47.92,45.5,2.42,4.58,4.58,1.0,,9,0.6404433448821363
242,74874,2016_Pres-G_NV,2016,NV,Pres-G,Pres-G,Remington Research Group,,10/30/16,787.0,Democrat,44.0,Republican,48.0,4.0,-4.0,11/8/16,47.92,45.5,2.42,6.42,-6.42,0.0,,9,0.6404433448821363
243,75311,2016_Pres-G_OH,2016,OH,Pres-G,Pres-G,Quinnipiac University,,10/30/16,589.0,Democrat,42.5,Republican,46.5,5.0,-4.0,11/8/16,43.24,51.31,-8.07,4.07,4.07,1.0,average of multiple versions or turnout models listed in poll,9,0.6404433448821363
244,74876,2016_Pres-G_OH,2016,OH,Pres-G,Pres-G,Remington Research Group,,10/30/16,1187.0,Democrat,43.0,Republican,48.0,3.0,-5.0,11/8/16,43.24,51.31,-8.07,3.07,3.07,1.0,,9,0.6404433448821363
245,75245,2016_Pres-G_PA,2016,PA,Pres-G,Pres-G,CNN/Opinion Research Corp.,,10/30/16,799.0,Democrat,49.5,Republican,45.0,4.0,4.5,11/8/16,47.46,48.17,-0.72,5.22,5.22,0.0,average of multiple versions or turnout models listed in poll,9,0.6404433448821363
246,75312,2016_Pres-G_PA,2016,PA,Pres-G,Pres-G,Quinnipiac University,,10/30/16,612.0,Democrat,49.0,Republican,43.5,3.0,5.5,11/8/16,47.46,48.17,-0.72,6.22,6.22,0.0,average of multiple versions or turnout models listed in poll,9,0.6404433448821363
247,74877,2016_Pres-G_PA,2016,PA,Pres-G,Pres-G,Remington Research Group,,10/30/16,1249.0,Democrat,45.0,Republican,43.0,3.0,2.0,11/8/16,47.46,48.17,-0.72,2.72,2.72,0.0,,9,0.6404433448821363
248,75450,2016_Pres-G_US,2016,US,Pres-G,Pres-G,CBS News/New York Times,,10/30/16,927.0,Democrat,46.0,Republican,43.0,5.0,3.0,11/8/16,48.02,45.93,2.09,0.91,0.91,1.0,,9,0.6404433448821363
249,75376,2016_Pres-G_US,2016,US,Pres-G,Pres-G,Ipsos,,10/30/16,1772.0,Democrat,44.9,Republican,38.1,5.3,6.8,11/8/16,48.02,45.93,2.09,4.71,4.71,1.0,average of multiple versions or turnout models listed in poll,9,0.6404433448821363
250,74805,2016_Pres-G_US,2016,US,Pres-G,Pres-G,Morning Consult,,10/30/16,1772.0,Democrat,44.0,Republican,41.0,7.0,3.0,11/8/16,48.02,45.93,2.09,0.91,0.91,1.0,average of multiple versions or turnout models listed in poll,9,0.6404433448821363
251,79882,2016_Pres-G_US,2016,US,Pres-G,Pres-G,People's Pundit Daily,,10/30/16,2123.0,Democrat,41.7,Republican,44.1,5.8,-2.4,11/8/16,48.02,45.93,2.09,4.49,-4.49,0.0,,9,0.6404433448821363
252,75474,2016_Pres-G_UT,2016,UT,Pres-G,Pres-G,Rasmussen Reports/Pulse Opinion Research,,10/30/16,750.0,Democrat,31.0,Republican,42.0,21.0,-11.0,11/8/16,27.17,45.05,-17.89,6.89,6.89,1.0,,9,0.6404433448821363
253,74911,2016_Pres-G_VA,2016,VA,Pres-G,Pres-G,Remington Research Group,,10/30/16,1106.0,Democrat,47.0,Republican,43.0,3.0,4.0,11/8/16,49.75,44.43,5.32,1.32,-1.32,1.0,,9,0.6404433448821363
254,74879,2016_Pres-G_WI,2016,WI,Pres-G,Pres-G,Remington Research Group,,10/30/16,1172.0,Democrat,46.0,Republican,42.0,4.0,4.0,11/8/16,46.45,47.22,-0.76,4.76,4.76,0.0,,9,0.6404433448821363
255,75573,2016_Pres-G_AZ,2016,AZ,Pres-G,Pres-G,Marist College,,10/31/16,719.0,Democrat,40.5,Republican,45.5,9.0,-5.0,11/8/16,44.58,48.08,-3.5,1.5,-1.5,1.0,average of multiple versions or turnout models listed in poll,8,0.6729500963161781
256,75568,2016_Pres-G_FL,2016,FL,Pres-G,Pres-G,Gravis Marketing,,10/31/16,1195.0,Democrat,50.0,Republican,47.5,2.0,2.5,11/8/16,47.41,48.6,-1.19,3.69,3.69,0.0,average of multiple versions or turnout models listed in poll; among registered voters,8,0.6729500963161781
257,75328,2016_Pres-G_FL,2016,FL,Pres-G,Pres-G,Rasmussen Reports/Pulse Opinion Research,,10/31/16,525.0,Democrat,46.0,Republican,46.0,4.0,0.0,11/8/16,47.41,48.6,-1.19,1.19,1.19,0.5,for Auto Alliance/ESA as Pulse Opinion Research,8,0.6729500963161781
258,75572,2016_Pres-G_GA,2016,GA,Pres-G,Pres-G,Marist College,,10/31/16,707.0,Democrat,45.0,Republican,46.0,8.0,-1.0,11/8/16,45.35,50.44,-5.1,4.1,4.1,1.0,average of multiple versions or turnout models listed in poll,8,0.6729500963161781
259,75736,2016_Pres-G_IN,2016,IN,Pres-G,Pres-G,Gravis Marketing,,10/31/16,399.0,Democrat,39.0,Republican,49.0,5.0,-10.0,11/8/16,37.46,56.47,-19.01,9.01,9.01,1.0,among registered voters,8,0.6729500963161781
260,75086,2016_Pres-G_MI,2016,MI,Pres-G,Pres-G,Mitchell Research & Communications,,10/31/16,737.0,Democrat,50.5,Republican,44.0,4.0,6.5,11/8/16,47.03,47.25,-0.22,6.72,6.72,0.0,average of multiple versions or turnout models listed in poll,8,0.6729500963161781
261,75331,2016_Pres-G_NC,2016,NC,Pres-G,Pres-G,Rasmussen Reports/Pulse Opinion Research,,10/31/16,525.0,Democrat,47.0,Republican,44.0,3.0,3.0,11/8/16,46.17,49.83,-3.66,6.66,6.66,0.0,for Auto Alliance/ESA as Pulse Opinion Research,8,0.6729500963161781
262,75396,2016_Pres-G_NH,2016,NH,Pres-G,Pres-G,MassINC Polling Group,,10/31/16,500.0,Democrat,40.5,Republican,42.0,10.0,-1.5,11/8/16,46.83,46.46,0.37,1.87,-1.87,0.0,average of multiple versions or turnout models listed in poll,8,0.6729500963161781
263,75330,2016_Pres-G_NH,2016,NH,Pres-G,Pres-G,Rasmussen Reports/Pulse Opinion Research,,10/31/16,525.0,Democrat,45.0,Republican,41.0,6.0,4.0,11/8/16,46.83,46.46,0.37,3.63,3.63,1.0,for Auto Alliance/ESA as Pulse Opinion Research,8,0.6729500963161781
264,75591,2016_Pres-G_NH,2016,NH,Pres-G,Pres-G,University of Massachusetts Lowell,,10/31/16,695.0,Democrat,44.0,Republican,44.5,5.0,-0.5,11/8/16,46.83,46.46,0.37,0.87,-0.87,0.0,average of multiple versions or turnout models listed in poll,8,0.6729500963161781
265,75329,2016_Pres-G_NV,2016,NV,Pres-G,Pres-G,Rasmussen Reports/Pulse Opinion Research,,10/31/16,525.0,Democrat,44.0,Republican,44.0,5.0,0.0,11/8/16,47.92,45.5,2.42,2.42,-2.42,0.5,for Auto Alliance/ESA as Pulse Opinion Research,8,0.6729500963161781
266,75332,2016_Pres-G_OH,2016,OH,Pres-G,Pres-G,Rasmussen Reports/Pulse Opinion Research,,10/31/16,525.0,Democrat,46.0,Republican,43.0,3.0,3.0,11/8/16,43.24,51.31,-8.07,11.07,11.07,0.0,for Auto Alliance/ESA as Pulse Opinion Research,8,0.6729500963161781
267,75566,2016_Pres-G_PA,2016,PA,Pres-G,Pres-G,Gravis Marketing,,10/31/16,2606.0,Democrat,49.0,Republican,47.5,3.0,1.5,11/8/16,47.46,48.17,-0.72,2.22,2.22,0.0,average of multiple versions or turnout models listed in poll; among registered voters,8,0.6729500963161781
268,75255,2016_Pres-G_PA,2016,PA,Pres-G,Pres-G,Monmouth University,,10/31/16,403.0,Democrat,48.0,Republican,44.0,3.0,4.0,11/8/16,47.46,48.17,-0.72,4.72,4.72,0.0,,8,0.6729500963161781
269,75333,2016_Pres-G_PA,2016,PA,Pres-G,Pres-G,Rasmussen Reports/Pulse Opinion Research,,10/31/16,525.0,Democrat,45.0,Republican,44.0,3.0,1.0,11/8/16,47.46,48.17,-0.72,1.72,1.72,0.0,for Auto Alliance/ESA as Pulse Opinion Research,8,0.6729500963161781
270,76184,2016_Pres-G_SC,2016,SC,Pres-G,Pres-G,Starboard Communications,,10/31/16,600.0,Democrat,36.0,Republican,47.0,3.0,-11.0,11/8/16,40.67,54.94,-14.27,3.27,3.27,1.0,,8,0.6729500963161781
271,75571,2016_Pres-G_TX,2016,TX,Pres-G,Pres-G,Marist College,,10/31/16,679.0,Democrat,40.5,Republican,49.0,6.0,-8.5,11/8/16,43.12,52.1,-8.98,0.48,0.48,1.0,average of multiple versions or turnout models listed in poll,8,0.6729500963161781
272,75570,2016_Pres-G_US,2016,US,Pres-G,Pres-G,Gravis Marketing,,10/31/16,5360.0,Democrat,48.0,Republican,47.5,4.0,0.5,11/8/16,48.02,45.93,2.09,1.59,-1.59,1.0,average of multiple versions or turnout models listed in poll; among registered voters,8,0.6729500963161781
273,75254,2016_Pres-G_US,2016,US,Pres-G,Pres-G,Lucid,,10/31/16,2617.0,Democrat,43.0,Republican,40.0,6.0,3.0,11/8/16,48.02,45.93,2.09,0.91,0.91,1.0,,8,0.6729500963161781
274,75209,2016_Pres-G_US,2016,US,Pres-G,Pres-G,Rasmussen Reports/Pulse Opinion Research,,10/31/16,1500.0,Democrat,44.0,Republican,44.0,5.0,0.0,11/8/16,48.02,45.93,2.09,2.09,-2.09,0.5,,8,0.6729500963161781
275,75220,2016_Pres-G_US,2016,US,Pres-G,Pres-G,YouGov,,10/31/16,1233.0,Democrat,47.0,Republican,44.0,4.0,3.0,11/8/16,48.02,45.93,2.09,0.91,0.91,1.0,average of multiple versions or turnout models listed in poll,8,0.6729500963161781
276,75794,2016_Pres-G_UT,2016,UT,Pres-G,Pres-G,Gravis Marketing,,10/31/16,1424.0,Democrat,29.0,Republican,35.0,24.0,-6.0,11/8/16,27.17,45.05,-17.89,11.89,11.89,1.0,among registered voters,8,0.6729500963161781
277,75633,2016_Pres-G_VA,2016,VA,Pres-G,Pres-G,Roanoke College,,10/31/16,654.0,Democrat,47.0,Republican,39.0,5.0,8.0,11/8/16,49.75,44.43,5.32,2.68,2.68,1.0,average of multiple versions or turnout models listed in poll,8,0.6729500963161781
278,75335,2016_Pres-G_MI,2016,MI,Pres-G,Pres-G,Mitchell Research & Communications,,11/1/16,887.0,Democrat,48.0,Republican,44.0,4.0,4.0,11/8/16,47.03,47.25,-0.22,4.22,4.22,0.0,average of multiple versions or turnout models listed in poll,7,0.7071067811865476
279,75698,2016_Pres-G_MO,2016,MO,Pres-G,Pres-G,Public Policy Polling,,11/1/16,1083.0,Democrat,39.0,Republican,51.0,4.0,-12.0,11/8/16,37.87,56.38,-18.51,6.51,6.51,1.0,average of multiple versions or turnout models listed in poll,7,0.7071067811865476
280,75458,2016_Pres-G_MO,2016,MO,Pres-G,Pres-G,Remington Research Group,,11/1/16,1722.0,Democrat,39.0,Republican,52.0,4.0,-13.0,11/8/16,37.87,56.38,-18.51,5.51,5.51,1.0,,7,0.7071067811865476
281,75699,2016_Pres-G_NC,2016,NC,Pres-G,Pres-G,Public Policy Polling,,11/1/16,1169.0,Democrat,49.0,Republican,47.0,,2.0,11/8/16,46.17,49.83,-3.66,5.66,5.66,0.0,,7,0.7071067811865476
282,75460,2016_Pres-G_NH,2016,NH,Pres-G,Pres-G,American Research Group,,11/1/16,600.0,Democrat,43.0,Republican,48.0,,-5.0,11/8/16,46.83,46.46,0.37,5.37,-5.37,0.0,,7,0.7071067811865476
283,75700,2016_Pres-G_NH,2016,NH,Pres-G,Pres-G,Public Policy Polling,,11/1/16,781.0,Democrat,48.0,Republican,43.0,,5.0,11/8/16,46.83,46.46,0.37,4.63,4.63,1.0,,7,0.7071067811865476
284,75475,2016_Pres-G_NH,2016,NH,Pres-G,Pres-G,Suffolk University,,11/1/16,500.0,Democrat,41.8,Republican,42.2,5.4,-0.4,11/8/16,46.83,46.46,0.37,0.77,-0.77,0.0,,7,0.7071067811865476
285,76009,2016_Pres-G_NH,2016,NH,Pres-G,Pres-G,University of New Hampshire,,11/1/16,466.0,Democrat,47.0,Republican,40.0,5.0,7.0,11/8/16,46.83,46.46,0.37,6.63,6.63,1.0,,7,0.7071067811865476
286,75701,2016_Pres-G_NV,2016,NV,Pres-G,Pres-G,Public Policy Polling,,11/1/16,688.0,Democrat,48.0,Republican,45.0,,3.0,11/8/16,47.92,45.5,2.42,0.58,0.58,1.0,,7,0.7071067811865476
287,75971,2016_Pres-G_OH,2016,OH,Pres-G,Pres-G,Columbus Dispatch,,11/1/16,1151.0,Democrat,48.0,Republican,47.0,,1.0,11/8/16,43.24,51.31,-8.07,9.07,9.07,0.0,,7,0.7071067811865476
288,75702,2016_Pres-G_PA,2016,PA,Pres-G,Pres-G,Public Policy Polling,,11/1/16,1050.0,Democrat,48.0,Republican,44.0,,4.0,11/8/16,47.46,48.17,-0.72,4.72,4.72,0.0,,7,0.7071067811865476
289,75228,2016_Pres-G_PA,2016,PA,Pres-G,Pres-G,"Susquehanna Polling & Research, Inc.",,11/1/16,681.0,Democrat,45.0,Republican,43.0,2.0,2.0,11/8/16,47.46,48.17,-0.72,2.72,2.72,0.0,,7,0.7071067811865476
290,75477,2016_Pres-G_TX,2016,TX,Pres-G,Pres-G,Emerson College,,11/1/16,700.0,Democrat,34.5,Republican,49.2,4.9,-14.7,11/8/16,43.12,52.1,-8.98,5.72,-5.72,1.0,,7,0.7071067811865476
291,75635,2016_Pres-G_US,2016,US,Pres-G,Pres-G,ABC News/Washington Post,,11/1/16,1151.0,Democrat,48.0,Republican,45.0,3.0,3.0,11/8/16,48.02,45.93,2.09,0.91,0.91,1.0,average of multiple versions or turnout models listed in poll,7,0.7071067811865476
292,75631,2016_Pres-G_US,2016,US,Pres-G,Pres-G,IBD/TIPP,,11/1/16,898.0,Democrat,44.7,Republican,43.85,3.7,0.85,11/8/16,48.02,45.93,2.09,1.24,-1.24,1.0,average of multiple versions or turnout models listed in poll,7,0.7071067811865476
293,75478,2016_Pres-G_UT,2016,UT,Pres-G,Pres-G,Emerson College,,11/1/16,1000.0,Democrat,19.6,Republican,39.8,27.6,-20.2,11/8/16,27.17,45.05,-17.89,2.31,-2.31,1.0,,7,0.7071067811865476
294,75470,2016_Pres-G_UT,2016,UT,Pres-G,Pres-G,Monmouth University,,11/1/16,402.0,Democrat,31.0,Republican,37.0,24.0,-6.0,11/8/16,27.17,45.05,-17.89,11.89,11.89,1.0,,7,0.7071067811865476
295,75831,2016_Pres-G_WA,2016,WA,Pres-G,Pres-G,SurveyUSA,,11/1/16,681.0,Democrat,50.0,Republican,38.0,4.0,12.0,11/8/16,52.54,36.83,15.71,3.71,-3.71,1.0,,7,0.7071067811865476
296,75716,2016_Pres-G_WI,2016,WI,Pres-G,Pres-G,Loras College,,11/1/16,500.0,Democrat,43.85,Republican,40.1,6.8,3.75,11/8/16,46.45,47.22,-0.76,4.51,4.51,0.0,average of multiple versions or turnout models listed in poll,7,0.7071067811865476
297,75703,2016_Pres-G_WI,2016,WI,Pres-G,Pres-G,Public Policy Polling,,11/1/16,891.0,Democrat,48.0,Republican,41.0,,7.0,11/8/16,46.45,47.22,-0.76,7.76,7.76,0.0,,7,0.7071067811865476
298,75730,2016_Pres-G_AZ,2016,AZ,Pres-G,Pres-G,Data Orbital,,11/2/16,550.0,Democrat,39.0,Republican,47.0,4.0,-8.0,11/8/16,44.58,48.08,-3.5,4.5,-4.5,1.0,,6,0.7429971445684742
299,75833,2016_Pres-G_CO,2016,CO,Pres-G,Pres-G,Gravis Marketing,,11/2/16,1125.0,Democrat,40.0,Republican,40.0,7.0,0.0,11/8/16,48.16,43.25,4.91,4.91,-4.91,0.5,among registered voters,6,0.7429971445684742
300,75506,2016_Pres-G_CO,2016,CO,Pres-G,Pres-G,Magellan Strategies,,11/2/16,500.0,Democrat,44.1,Republican,37.6,7.0,6.5,11/8/16,48.16,43.25,4.91,1.59,1.59,1.0,,6,0.7429971445684742
301,75994,2016_Pres-G_CO,2016,CO,Pres-G,Pres-G,Remington Research Group,,11/2/16,1863.0,Democrat,42.0,Republican,41.0,,1.0,11/8/16,48.16,43.25,4.91,3.91,-3.91,1.0,,6,0.7429971445684742
302,75734,2016_Pres-G_CO,2016,CO,Pres-G,Pres-G,Trafalgar Group,,11/2/16,1150.0,Democrat,44.77,Republican,44.33,5.04,0.44,11/8/16,48.16,43.25,4.91,4.47,-4.47,1.0,,6,0.7429971445684742
303,76359,2016_Pres-G_FL,2016,FL,Pres-G,Pres-G,Gravis Marketing,,11/2/16,1220.0,Democrat,46.0,Republican,45.0,4.0,1.0,11/8/16,47.41,48.6,-1.19,2.19,2.19,0.0,among registered voters,6,0.7429971445684742
304,75462,2016_Pres-G_FL,2016,FL,Pres-G,Pres-G,Opinion Savvy/InsiderAdvantage,,11/2/16,603.0,Democrat,49.3,Republican,45.0,2.6,4.3,11/8/16,47.41,48.6,-1.19,5.49,5.49,0.0,,6,0.7429971445684742
305,75995,2016_Pres-G_FL,2016,FL,Pres-G,Pres-G,Remington Research Group,,11/2/16,2352.0,Democrat,45.0,Republican,48.0,,-3.0,11/8/16,47.41,48.6,-1.19,1.81,-1.81,1.0,,6,0.7429971445684742
306,75711,2016_Pres-G_IA,2016,IA,Pres-G,Pres-G,Emerson College,,11/2/16,700.0,Democrat,41.0,Republican,44.0,5.0,-3.0,11/8/16,41.74,51.15,-9.41,6.41,6.41,1.0,,6,0.7429971445684742
307,75944,2016_Pres-G_IA,2016,IA,Pres-G,Pres-G,Loras College,,11/2/16,500.0,Democrat,42.7,Republican,45.0,3.2,-2.3,11/8/16,41.74,51.15,-9.41,7.11,7.11,1.0,average of multiple versions or turnout models listed in poll,6,0.7429971445684742
308,75687,2016_Pres-G_IA,2016,IA,Pres-G,Pres-G,RABA Research,,11/2/16,1076.0,Democrat,42.5,Republican,45.0,5.0,-2.5,11/8/16,41.74,51.15,-9.41,6.91,6.91,1.0,average of multiple versions or turnout models listed in poll,6,0.7429971445684742
309,75722,2016_Pres-G_IN,2016,IN,Pres-G,Pres-G,Public Opinion Strategies,,11/2/16,600.0,Democrat,37.0,Republican,48.0,9.0,-11.0,11/8/16,37.46,56.47,-19.01,8.01,8.01,1.0,,6,0.7429971445684742
310,75721,2016_Pres-G_KS,2016,KS,Pres-G,Pres-G,Fort Hays State University,,11/2/16,313.0,Democrat,34.0,Republican,58.0,,-24.0,11/8/16,35.74,56.16,-20.42,3.58,-3.58,1.0,,6,0.7429971445684742
311,75719,2016_Pres-G_MI,2016,MI,Pres-G,Pres-G,EPIC-MRA,,11/2/16,600.0,Democrat,42.0,Republican,38.0,5.0,4.0,11/8/16,47.03,47.25,-0.22,4.22,4.22,0.0,,6,0.7429971445684742
312,75512,2016_Pres-G_MI,2016,MI,Pres-G,Pres-G,Mitchell Research & Communications,,11/2/16,1150.0,Democrat,49.0,Republican,45.0,4.0,4.0,11/8/16,47.03,47.25,-0.22,4.22,4.22,0.0,average of multiple versions or turnout models listed in poll,6,0.7429971445684742
313,76171,2016_Pres-G_MO,2016,MO,Pres-G,Pres-G,Clarity Campaign Labs,,11/2/16,1036.0,Democrat,38.0,Republican,54.0,,-16.0,11/8/16,37.87,56.38,-18.51,2.51,2.51,1.0,,6,0.7429971445684742
314,75997,2016_Pres-G_NC,2016,NC,Pres-G,Pres-G,Remington Research Group,,11/2/16,2596.0,Democrat,45.0,Republican,48.0,,-3.0,11/8/16,46.17,49.83,-3.66,0.66,0.66,1.0,,6,0.7429971445684742
315,75724,2016_Pres-G_NH,2016,NH,Pres-G,Pres-G,Gravis Marketing,,11/2/16,1001.0,Democrat,41.0,Republican,43.0,7.0,-2.0,11/8/16,46.83,46.46,0.37,2.37,-2.37,0.0,among registered voters,6,0.7429971445684742
316,76358,2016_Pres-G_NM,2016,NM,Pres-G,Pres-G,Gravis Marketing,,11/2/16,1327.0,Democrat,45.0,Republican,37.0,11.0,8.0,11/8/16,48.26,40.04,8.21,0.21,-0.21,1.0,among registered voters,6,0.7429971445684742
317,75967,2016_Pres-G_NM,2016,NM,Pres-G,Pres-G,"Research & Polling, Inc.",,11/2/16,504.0,Democrat,45.0,Republican,40.0,11.0,5.0,11/8/16,48.26,40.04,8.21,3.21,-3.21,1.0,,6,0.7429971445684742
318,75727,2016_Pres-G_NM,2016,NM,Pres-G,Pres-G,Zia Poll,,11/2/16,1102.0,Democrat,46.0,Republican,43.0,7.0,3.0,11/8/16,48.26,40.04,8.21,5.21,-5.21,1.0,,6,0.7429971445684742
319,75996,2016_Pres-G_NV,2016,NV,Pres-G,Pres-G,Remington Research Group,,11/2/16,1793.0,Democrat,45.0,Republican,46.0,,-1.0,11/8/16,47.92,45.5,2.42,3.42,-3.42,0.0,,6,0.7429971445684742
320,75998,2016_Pres-G_OH,2016,OH,Pres-G,Pres-G,Remington Research Group,,11/2/16,2557.0,Democrat,44.0,Republican,45.0,,-1.0,11/8/16,43.24,51.31,-8.07,7.07,7.07,1.0,,6,0.7429971445684742
321,76002,2016_Pres-G_OH,2016,OH,Pres-G,Pres-G,TargetSmart/William & Mary,,11/2/16,844.0,Democrat,40.0,Republican,43.0,8.0,-3.0,11/8/16,43.24,51.31,-8.07,5.07,5.07,1.0,,6,0.7429971445684742
322,75829,2016_Pres-G_PA,2016,PA,Pres-G,Pres-G,Gravis Marketing,,11/2/16,1016.0,Democrat,47.0,Republican,45.0,2.0,2.0,11/8/16,47.46,48.17,-0.72,2.72,2.72,0.0,among registered voters,6,0.7429971445684742
323,75953,2016_Pres-G_PA,2016,PA,Pres-G,Pres-G,Muhlenberg College,,11/2/16,405.0,Democrat,46.0,Republican,41.0,7.0,5.0,11/8/16,47.46,48.17,-0.72,5.72,5.72,0.0,average of multiple versions or turnout models listed in poll,6,0.7429971445684742
324,75999,2016_Pres-G_PA,2016,PA,Pres-G,Pres-G,Remington Research Group,,11/2/16,2683.0,Democrat,46.0,Republican,45.0,,1.0,11/8/16,47.46,48.17,-0.72,1.72,1.72,0.0,,6,0.7429971445684742
325,75813,2016_Pres-G_US,2016,US,Pres-G,Pres-G,Fox News/Anderson Robbins Research/Shaw & Company Research,,11/2/16,1107.0,Democrat,45.5,Republican,44.0,5.0,1.5,11/8/16,48.02,45.93,2.09,0.59,-0.59,1.0,average of multiple versions or turnout models listed in poll,6,0.7429971445684742
326,75959,2016_Pres-G_US,2016,US,Pres-G,Pres-G,Gravis Marketing,,11/2/16,2435.0,Democrat,47.0,Republican,45.0,3.0,2.0,11/8/16,48.02,45.93,2.09,0.09,-0.09,1.0,among registered voters,6,0.7429971445684742
327,75819,2016_Pres-G_US,2016,US,Pres-G,Pres-G,Marist College,,11/2/16,940.0,Democrat,45.0,Republican,43.5,6.0,1.5,11/8/16,48.02,45.93,2.09,0.59,-0.59,1.0,average of multiple versions or turnout models listed in poll,6,0.7429971445684742
328,75726,2016_Pres-G_UT,2016,UT,Pres-G,Pres-G,Y2 Analytics,,11/2/16,500.0,Democrat,24.0,Republican,33.0,28.0,-9.0,11/8/16,27.17,45.05,-17.89,8.89,8.89,1.0,,6,0.7429971445684742
329,76000,2016_Pres-G_VA,2016,VA,Pres-G,Pres-G,Remington Research Group,,11/2/16,3076.0,Democrat,46.0,Republican,44.0,,2.0,11/8/16,49.75,44.43,5.32,3.32,-3.32,1.0,,6,0.7429971445684742
330,76170,2016_Pres-G_WI,2016,WI,Pres-G,Pres-G,Clarity Campaign Labs,,11/2/16,1129.0,Democrat,47.0,Republican,43.0,4.0,4.0,11/8/16,46.45,47.22,-0.76,4.76,4.76,0.0,,6,0.7429971445684742
331,76001,2016_Pres-G_WI,2016,WI,Pres-G,Pres-G,Remington Research Group,,11/2/16,2720.0,Democrat,49.0,Republican,41.0,,8.0,11/8/16,46.45,47.22,-0.76,8.76,8.76,0.0,,6,0.7429971445684742
332,75793,2016_Pres-G_CO,2016,CO,Pres-G,Pres-G,"Keating Research, Inc.",,11/3/16,605.0,Democrat,43.0,Republican,38.0,7.0,5.0,11/8/16,48.16,43.25,4.91,0.09,0.09,1.0,,5,0.7807091821557101
333,75978,2016_Pres-G_FL,2016,FL,Pres-G,Pres-G,YouGov,,11/3/16,1188.0,Democrat,45.0,Republican,45.0,,0.0,11/8/16,47.41,48.6,-1.19,1.19,1.19,0.5,among registered voters,5,0.7807091821557101
334,75693,2016_Pres-G_GA,2016,GA,Pres-G,Pres-G,Landmark Communications,,11/3/16,1000.0,Democrat,46.0,Republican,48.0,4.0,-2.0,11/8/16,45.35,50.44,-5.1,3.1,3.1,1.0,,5,0.7807091821557101
335,75728,2016_Pres-G_GA,2016,GA,Pres-G,Pres-G,Opinion Savvy/InsiderAdvantage,,11/3/16,538.0,Democrat,44.7,Republican,48.5,5.6,-3.8,11/8/16,45.35,50.44,-5.1,1.3,1.3,1.0,,5,0.7807091821557101
336,75957,2016_Pres-G_IA,2016,IA,Pres-G,Pres-G,Selzer & Company,,11/3/16,800.0,Democrat,39.0,Republican,46.0,6.0,-7.0,11/8/16,41.74,51.15,-9.41,2.41,2.41,1.0,,5,0.7807091821557101
337,76357,2016_Pres-G_MI,2016,MI,Pres-G,Pres-G,Gravis Marketing,,11/3/16,1079.0,Democrat,46.0,Republican,41.0,3.0,5.0,11/8/16,47.03,47.25,-0.22,5.22,5.22,0.0,among registered voters,5,0.7807091821557101
338,75987,2016_Pres-G_MI,2016,MI,Pres-G,Pres-G,Mitchell Research & Communications,,11/3/16,1007.0,Democrat,48.0,Republican,43.0,7.0,5.0,11/8/16,47.03,47.25,-0.22,5.22,5.22,0.0,average of multiple versions or turnout models listed in poll,5,0.7807091821557101
339,75735,2016_Pres-G_MI,2016,MI,Pres-G,Pres-G,Strategic National,,11/3/16,573.0,Democrat,44.0,Republican,44.0,4.0,0.0,11/8/16,47.03,47.25,-0.22,0.22,0.22,0.5,,5,0.7807091821557101
340,76356,2016_Pres-G_NC,2016,NC,Pres-G,Pres-G,Gravis Marketing,,11/3/16,1250.0,Democrat,46.0,Republican,45.0,3.0,1.0,11/8/16,46.17,49.83,-3.66,4.66,4.66,0.0,among registered voters,5,0.7807091821557101
341,75963,2016_Pres-G_NV,2016,NV,Pres-G,Pres-G,Trafalgar Group,,11/3/16,1100.0,Democrat,45.01,Republican,49.61,2.58,-4.6,11/8/16,47.92,45.5,2.42,7.02,-7.02,0.0,,5,0.7807091821557101
342,75977,2016_Pres-G_OH,2016,OH,Pres-G,Pres-G,YouGov,,11/3/16,1189.0,Democrat,45.0,Republican,46.0,,-1.0,11/8/16,43.24,51.31,-8.07,7.07,7.07,1.0,,5,0.7807091821557101
343,76169,2016_Pres-G_PA,2016,PA,Pres-G,Pres-G,Clarity Campaign Labs,,11/3/16,1033.0,Democrat,47.0,Republican,43.0,4.0,4.0,11/8/16,47.46,48.17,-0.72,4.72,4.72,0.0,,5,0.7807091821557101
344,75732,2016_Pres-G_PA,2016,PA,Pres-G,Pres-G,Harper Polling,,11/3/16,504.0,Democrat,46.0,Republican,46.0,2.0,0.0,11/8/16,47.46,48.17,-0.72,0.72,0.72,0.5,,5,0.7807091821557101
345,76181,2016_Pres-G_US,2016,US,Pres-G,Pres-G,Angus Reid Global,,11/3/16,1151.0,Democrat,48.0,Republican,44.0,6.0,4.0,11/8/16,48.02,45.93,2.09,1.91,1.91,1.0,,5,0.7807091821557101
346,76159,2016_Pres-G_US,2016,US,Pres-G,Pres-G,CVOTER International,,11/3/16,1625.0,Democrat,48.91,Republican,46.13,,2.78,11/8/16,48.02,45.93,2.09,0.69,0.69,1.0,,5,0.7807091821557101
347,76160,2016_Pres-G_US,2016,US,Pres-G,Pres-G,Lucid,,11/3/16,2561.0,Democrat,45.0,Republican,39.0,5.0,6.0,11/8/16,48.02,45.93,2.09,3.91,3.91,1.0,,5,0.7807091821557101
348,76029,2016_Pres-G_US,2016,US,Pres-G,Pres-G,"RKM Research and Communications, Inc.",,11/3/16,1009.0,Democrat,47.6,Republican,44.4,4.3,3.2,11/8/16,48.02,45.93,2.09,1.11,1.11,1.0,,5,0.7807091821557101
349,76043,2016_Pres-G_US,2016,US,Pres-G,Pres-G,SurveyMonkey,,11/3/16,70194.0,Democrat,49.0,Republican,42.5,6.0,6.5,11/8/16,48.02,45.93,2.09,4.41,4.41,1.0,average of multiple versions or turnout models listed in poll,5,0.7807091821557101
350,76355,2016_Pres-G_VA,2016,VA,Pres-G,Pres-G,Gravis Marketing,,11/3/16,1362.0,Democrat,47.0,Republican,42.0,4.0,5.0,11/8/16,49.75,44.43,5.32,0.32,-0.32,1.0,among registered voters,5,0.7807091821557101
351,76551,2016_Pres-G_AK,2016,AK,Pres-G,Pres-G,SurveyMonkey,,11/4/16,409.0,Democrat,31.0,Republican,48.0,12.0,-17.0,11/8/16,36.55,51.28,-14.73,2.27,-2.27,1.0,,4,0.820335356007638
352,76550,2016_Pres-G_AL,2016,AL,Pres-G,Pres-G,SurveyMonkey,,11/4/16,1131.0,Democrat,36.0,Republican,55.0,6.0,-19.0,11/8/16,34.36,62.08,-27.73,8.73,8.73,1.0,,4,0.820335356007638
353,76553,2016_Pres-G_AR,2016,AR,Pres-G,Pres-G,SurveyMonkey,,11/4/16,930.0,Democrat,32.0,Republican,56.0,6.0,-24.0,11/8/16,33.65,60.57,-26.92,2.92,2.92,1.0,,4,0.820335356007638
354,76552,2016_Pres-G_AZ,2016,AZ,Pres-G,Pres-G,SurveyMonkey,,11/4/16,2609.0,Democrat,45.0,Republican,42.0,7.0,3.0,11/8/16,44.58,48.08,-3.5,6.5,6.5,0.0,,4,0.820335356007638
355,76554,2016_Pres-G_CA,2016,CA,Pres-G,Pres-G,SurveyMonkey,,11/4/16,2712.0,Democrat,56.0,Republican,31.0,6.0,25.0,11/8/16,61.48,31.49,29.99,4.99,-4.99,1.0,,4,0.820335356007638
356,75740,2016_Pres-G_CO,2016,CO,Pres-G,Pres-G,Public Policy Polling,,11/4/16,704.0,Democrat,49.0,Republican,44.0,4.0,5.0,11/8/16,48.16,43.25,4.91,0.09,0.09,1.0,average of multiple versions or turnout models listed in poll,4,0.820335356007638
357,76555,2016_Pres-G_CO,2016,CO,Pres-G,Pres-G,SurveyMonkey,,11/4/16,2777.0,Democrat,43.0,Republican,40.0,10.0,3.0,11/8/16,48.16,43.25,4.91,1.91,-1.91,1.0,,4,0.820335356007638
358,76556,2016_Pres-G_CT,2016,CT,Pres-G,Pres-G,SurveyMonkey,,11/4/16,1387.0,Democrat,52.0,Republican,36.0,7.0,16.0,11/8/16,54.57,40.93,13.64,2.36,2.36,1.0,,4,0.820335356007638
359,76557,2016_Pres-G_DC,2016,DC,Pres-G,Pres-G,SurveyMonkey,,11/4/16,310.0,Democrat,85.0,Republican,7.0,4.0,78.0,11/8/16,90.86,4.09,86.78,8.78,-8.78,1.0,,4,0.820335356007638
360,76558,2016_Pres-G_DE,2016,DE,Pres-G,Pres-G,SurveyMonkey,,11/4/16,367.0,Democrat,50.0,Republican,39.0,6.0,11.0,11/8/16,53.09,41.71,11.37,0.37,-0.37,1.0,,4,0.820335356007638
361,76239,2016_Pres-G_FL,2016,FL,Pres-G,Pres-G,Rasmussen Reports/Pulse Opinion Research,,11/4/16,525.0,Democrat,47.0,Republican,45.0,2.0,2.0,11/8/16,47.41,48.6,-1.19,3.19,3.19,0.0,for Auto Alliance/ESA as Pulse Opinion Research,4,0.820335356007638
362,76559,2016_Pres-G_FL,2016,FL,Pres-G,Pres-G,SurveyMonkey,,11/4/16,4092.0,Democrat,47.0,Republican,45.0,4.0,2.0,11/8/16,47.41,48.6,-1.19,3.19,3.19,0.0,,4,0.820335356007638
363,76560,2016_Pres-G_GA,2016,GA,Pres-G,Pres-G,SurveyMonkey,,11/4/16,2419.0,Democrat,45.0,Republican,45.0,7.0,0.0,11/8/16,45.35,50.44,-5.1,5.1,5.1,0.5,,4,0.820335356007638
364,76245,2016_Pres-G_GA,2016,GA,Pres-G,Pres-G,YouGov,,11/4/16,995.0,Democrat,43.0,Republican,49.0,4.0,-6.0,11/8/16,45.35,50.44,-5.1,0.9,-0.9,1.0,,4,0.820335356007638
365,76561,2016_Pres-G_HI,2016,HI,Pres-G,Pres-G,SurveyMonkey,,11/4/16,426.0,Democrat,52.0,Republican,28.0,9.0,24.0,11/8/16,62.22,30.04,32.18,8.18,-8.18,1.0,,4,0.820335356007638
366,76565,2016_Pres-G_IA,2016,IA,Pres-G,Pres-G,SurveyMonkey,,11/4/16,1781.0,Democrat,38.0,Republican,47.0,9.0,-9.0,11/8/16,41.74,51.15,-9.41,0.41,0.41,1.0,,4,0.820335356007638
367,76562,2016_Pres-G_ID,2016,ID,Pres-G,Pres-G,SurveyMonkey,,11/4/16,612.0,Democrat,29.0,Republican,47.0,11.0,-18.0,11/8/16,27.48,59.25,-31.76,13.76,13.76,1.0,,4,0.820335356007638
368,76564,2016_Pres-G_IL,2016,IL,Pres-G,Pres-G,SurveyMonkey,,11/4/16,1700.0,Democrat,35.0,Republican,52.0,10.0,-17.0,11/8/16,55.24,38.36,16.89,33.89,-33.89,0.0,,4,0.820335356007638
369,76563,2016_Pres-G_IN,2016,IN,Pres-G,Pres-G,SurveyMonkey,,11/4/16,1823.0,Democrat,52.0,Republican,35.0,6.0,17.0,11/8/16,37.46,56.47,-19.01,36.01,36.01,0.0,,4,0.820335356007638
370,76566,2016_Pres-G_KS,2016,KS,Pres-G,Pres-G,SurveyMonkey,,11/4/16,1311.0,Democrat,36.0,Republican,49.0,9.0,-13.0,11/8/16,35.74,56.16,-20.42,7.42,7.42,1.0,,4,0.820335356007638
371,76567,2016_Pres-G_KY,2016,KY,Pres-G,Pres-G,SurveyMonkey,,11/4/16,1315.0,Democrat,35.0,Republican,54.0,6.0,-19.0,11/8/16,32.68,62.52,-29.84,10.84,10.84,1.0,,4,0.820335356007638
372,76568,2016_Pres-G_LA,2016,LA,Pres-G,Pres-G,SurveyMonkey,,11/4/16,982.0,Democrat,38.0,Republican,52.0,4.0,-14.0,11/8/16,38.45,58.09,-19.64,5.64,5.64,1.0,,4,0.820335356007638
373,76571,2016_Pres-G_MA,2016,MA,Pres-G,Pres-G,SurveyMonkey,,11/4/16,1378.0,Democrat,56.0,Republican,30.0,6.0,26.0,11/8/16,60.01,32.81,27.2,1.2,-1.2,1.0,,4,0.820335356007638
374,76570,2016_Pres-G_MD,2016,MD,Pres-G,Pres-G,SurveyMonkey,,11/4/16,1216.0,Democrat,59.0,Republican,28.0,6.0,31.0,11/8/16,60.33,33.91,26.42,4.58,4.58,1.0,,4,0.820335356007638
375,76569,2016_Pres-G_ME,2016,ME,Pres-G,Pres-G,SurveyMonkey,,11/4/16,779.0,Democrat,46.0,Republican,38.0,10.0,8.0,11/8/16,47.83,44.87,2.96,5.04,5.04,1.0,,4,0.820335356007638
376,75742,2016_Pres-G_MI,2016,MI,Pres-G,Pres-G,Public Policy Polling,,11/4/16,957.0,Democrat,48.0,Republican,42.5,6.0,5.5,11/8/16,47.03,47.25,-0.22,5.72,5.72,0.0,average of multiple versions or turnout models listed in poll,4,0.820335356007638
377,76572,2016_Pres-G_MI,2016,MI,Pres-G,Pres-G,SurveyMonkey,,11/4/16,3145.0,Democrat,44.0,Republican,42.0,8.0,2.0,11/8/16,47.03,47.25,-0.22,2.22,2.22,0.0,,4,0.820335356007638
378,76573,2016_Pres-G_MN,2016,MN,Pres-G,Pres-G,SurveyMonkey,,11/4/16,1292.0,Democrat,46.0,Republican,39.0,10.0,7.0,11/8/16,46.44,44.93,1.51,5.49,5.49,1.0,,4,0.820335356007638
379,76575,2016_Pres-G_MO,2016,MO,Pres-G,Pres-G,SurveyMonkey,,11/4/16,1368.0,Democrat,40.0,Republican,48.0,8.0,-8.0,11/8/16,37.87,56.38,-18.51,10.51,10.51,1.0,,4,0.820335356007638
380,76574,2016_Pres-G_MS,2016,MS,Pres-G,Pres-G,SurveyMonkey,,11/4/16,719.0,Democrat,42.0,Republican,50.0,4.0,-8.0,11/8/16,40.06,57.86,-17.8,9.8,9.8,1.0,,4,0.820335356007638
381,76576,2016_Pres-G_MT,2016,MT,Pres-G,Pres-G,SurveyMonkey,,11/4/16,449.0,Democrat,30.0,Republican,52.0,11.0,-22.0,11/8/16,35.41,55.65,-20.23,1.77,-1.77,1.0,,4,0.820335356007638
382,76242,2016_Pres-G_NC,2016,NC,Pres-G,Pres-G,Rasmussen Reports/Pulse Opinion Research,,11/4/16,525.0,Democrat,49.0,Republican,43.0,4.0,6.0,11/8/16,46.17,49.83,-3.66,9.66,9.66,0.0,for Auto Alliance/ESA as Pulse Opinion Research,4,0.820335356007638
383,76583,2016_Pres-G_NC,2016,NC,Pres-G,Pres-G,SurveyMonkey,,11/4/16,3126.0,Democrat,48.0,Republican,41.0,7.0,7.0,11/8/16,46.17,49.83,-3.66,10.66,10.66,0.0,,4,0.820335356007638
384,76584,2016_Pres-G_ND,2016,ND,Pres-G,Pres-G,SurveyMonkey,,11/4/16,313.0,Democrat,29.0,Republican,57.0,9.0,-28.0,11/8/16,27.23,62.96,-35.73,7.73,7.73,1.0,,4,0.820335356007638
385,76577,2016_Pres-G_NE,2016,NE,Pres-G,Pres-G,SurveyMonkey,,11/4/16,988.0,Democrat,35.0,Republican,52.0,7.0,-17.0,11/8/16,33.7,58.75,-25.05,8.05,8.05,1.0,,4,0.820335356007638
386,76241,2016_Pres-G_NH,2016,NH,Pres-G,Pres-G,Rasmussen Reports/Pulse Opinion Research,,11/4/16,525.0,Democrat,46.0,Republican,40.0,6.0,6.0,11/8/16,46.83,46.46,0.37,5.63,5.63,1.0,for Auto Alliance/ESA as Pulse Opinion Research,4,0.820335356007638
387,76579,2016_Pres-G_NH,2016,NH,Pres-G,Pres-G,SurveyMonkey,,11/4/16,696.0,Democrat,47.0,Republican,38.0,10.0,9.0,11/8/16,46.83,46.46,0.37,8.63,8.63,1.0,,4,0.820335356007638
388,76580,2016_Pres-G_NJ,2016,NJ,Pres-G,Pres-G,SurveyMonkey,,11/4/16,1377.0,Democrat,52.0,Republican,37.0,4.0,15.0,11/8/16,54.99,41.0,13.98,1.02,1.02,1.0,,4,0.820335356007638
389,76581,2016_Pres-G_NM,2016,NM,Pres-G,Pres-G,SurveyMonkey,,11/4/16,749.0,Democrat,40.0,Republican,38.0,16.0,2.0,11/8/16,48.26,40.04,8.21,6.21,-6.21,1.0,,4,0.820335356007638
390,76240,2016_Pres-G_NV,2016,NV,Pres-G,Pres-G,Rasmussen Reports/Pulse Opinion Research,,11/4/16,525.0,Democrat,44.0,Republican,44.0,5.0,0.0,11/8/16,47.92,45.5,2.42,2.42,-2.42,0.5,for Auto Alliance/ESA as Pulse Opinion Research,4,0.820335356007638
391,76578,2016_Pres-G_NV,2016,NV,Pres-G,Pres-G,SurveyMonkey,,11/4/16,1207.0,Democrat,45.0,Republican,43.0,9.0,2.0,11/8/16,47.92,45.5,2.42,0.42,-0.42,1.0,,4,0.820335356007638
392,75969,2016_Pres-G_NY,2016,NY,Pres-G,Pres-G,Siena College,,11/4/16,617.0,Democrat,51.0,Republican,34.0,5.0,17.0,11/8/16,59.0,36.51,22.49,5.49,-5.49,1.0,,4,0.820335356007638
393,76582,2016_Pres-G_NY,2016,NY,Pres-G,Pres-G,SurveyMonkey,,11/4/16,2208.0,Democrat,57.0,Republican,32.0,5.0,25.0,11/8/16,59.0,36.51,22.49,2.51,2.51,1.0,,4,0.820335356007638
394,76243,2016_Pres-G_OH,2016,OH,Pres-G,Pres-G,Rasmussen Reports/Pulse Opinion Research,,11/4/16,525.0,Democrat,44.0,Republican,43.0,5.0,1.0,11/8/16,43.24,51.31,-8.07,9.07,9.07,0.0,for Auto Alliance/ESA as Pulse Opinion Research,4,0.820335356007638
395,76585,2016_Pres-G_OH,2016,OH,Pres-G,Pres-G,SurveyMonkey,,11/4/16,2860.0,Democrat,42.0,Republican,45.0,7.0,-3.0,11/8/16,43.24,51.31,-8.07,5.07,5.07,1.0,,4,0.820335356007638
396,76586,2016_Pres-G_OK,2016,OK,Pres-G,Pres-G,SurveyMonkey,,11/4/16,1271.0,Democrat,32.0,Republican,57.0,10.0,-25.0,11/8/16,28.93,65.32,-36.39,11.39,11.39,1.0,,4,0.820335356007638
397,76587,2016_Pres-G_OR,2016,OR,Pres-G,Pres-G,SurveyMonkey,,11/4/16,1595.0,Democrat,50.0,Republican,35.0,7.0,15.0,11/8/16,50.07,39.09,10.98,4.02,4.02,1.0,,4,0.820335356007638
398,76244,2016_Pres-G_PA,2016,PA,Pres-G,Pres-G,Rasmussen Reports/Pulse Opinion Research,,11/4/16,525.0,Democrat,44.0,Republican,46.0,3.0,-2.0,11/8/16,47.46,48.17,-0.72,1.28,-1.28,1.0,for Auto Alliance/ESA as Pulse Opinion Research,4,0.820335356007638
399,76588,2016_Pres-G_PA,2016,PA,Pres-G,Pres-G,SurveyMonkey,,11/4/16,2845.0,Democrat,46.0,Republican,43.0,6.0,3.0,11/8/16,47.46,48.17,-0.72,3.72,3.72,0.0,,4,0.820335356007638
400,76191,2016_Pres-G_PA,2016,PA,Pres-G,Pres-G,Trafalgar Group,,11/4/16,1300.0,Democrat,46.51,Republican,48.43,2.3,-1.92,11/8/16,47.46,48.17,-0.72,1.2,-1.2,1.0,,4,0.820335356007638
401,76246,2016_Pres-G_PA,2016,PA,Pres-G,Pres-G,YouGov,,11/4/16,931.0,Democrat,45.0,Republican,43.0,4.0,2.0,11/8/16,47.46,48.17,-0.72,2.72,2.72,0.0,,4,0.820335356007638
402,76589,2016_Pres-G_RI,2016,RI,Pres-G,Pres-G,SurveyMonkey,,11/4/16,415.0,Democrat,48.0,Republican,36.0,6.0,12.0,11/8/16,54.41,38.9,15.51,3.51,-3.51,1.0,,4,0.820335356007638
403,76590,2016_Pres-G_SC,2016,SC,Pres-G,Pres-G,SurveyMonkey,,11/4/16,1698.0,Democrat,43.0,Republican,47.0,6.0,-4.0,11/8/16,40.67,54.94,-14.27,10.27,10.27,1.0,,4,0.820335356007638
404,76591,2016_Pres-G_SD,2016,SD,Pres-G,Pres-G,SurveyMonkey,,11/4/16,459.0,Democrat,32.0,Republican,53.0,11.0,-21.0,11/8/16,31.74,61.53,-29.79,8.79,8.79,1.0,,4,0.820335356007638
405,76592,2016_Pres-G_TN,2016,TN,Pres-G,Pres-G,SurveyMonkey,,11/4/16,1433.0,Democrat,41.0,Republican,49.0,5.0,-8.0,11/8/16,34.72,60.72,-26.01,18.01,18.01,1.0,,4,0.820335356007638
406,76593,2016_Pres-G_TX,2016,TX,Pres-G,Pres-G,SurveyMonkey,,11/4/16,3009.0,Democrat,43.0,Republican,46.0,6.0,-3.0,11/8/16,43.12,52.1,-8.98,5.98,5.98,1.0,,4,0.820335356007638
407,76059,2016_Pres-G_US,2016,US,Pres-G,Pres-G,CBS News/New York Times,,11/4/16,1426.0,Democrat,46.0,Republican,42.0,5.0,4.0,11/8/16,48.02,45.93,2.09,1.91,1.91,1.0,,4,0.820335356007638
408,76443,2016_Pres-G_US,2016,US,Pres-G,Pres-G,Google Consumer Surveys,,11/4/16,26574.0,Democrat,38.03,Republican,35.69,5.46,2.34,11/8/16,48.02,45.93,2.09,0.25,0.25,1.0,,4,0.820335356007638
409,76636,2016_Pres-G_US,2016,US,Pres-G,Pres-G,Ipsos,,11/4/16,2195.0,Democrat,43.0,Republican,39.0,6.0,4.0,11/8/16,48.02,45.93,2.09,1.91,1.91,1.0,average of multiple versions or turnout models listed in poll,4,0.820335356007638
410,75975,2016_Pres-G_US,2016,US,Pres-G,Pres-G,NBC News/Wall Street Journal,,11/4/16,1282.0,Democrat,46.0,Republican,41.5,6.0,4.5,11/8/16,48.02,45.93,2.09,2.41,2.41,1.0,average of multiple versions or turnout models listed in poll,4,0.820335356007638
411,76157,2016_Pres-G_US,2016,US,Pres-G,Pres-G,Rasmussen Reports/Pulse Opinion Research,,11/4/16,1500.0,Democrat,45.0,Republican,43.0,4.0,2.0,11/8/16,48.02,45.93,2.09,0.09,-0.09,1.0,,4,0.820335356007638
412,76612,2016_Pres-G_US,2016,US,Pres-G,Pres-G,USC Dornsife/LA Times,,11/4/16,2972.0,Democrat,43.61,Republican,46.84,,-3.23,11/8/16,48.02,45.93,2.09,5.32,-5.32,0.0,,4,0.820335356007638
413,76594,2016_Pres-G_UT,2016,UT,Pres-G,Pres-G,SurveyMonkey,,11/4/16,1479.0,Democrat,31.0,Republican,34.0,25.0,-3.0,11/8/16,27.17,45.05,-17.89,14.89,14.89,1.0,,4,0.820335356007638
414,75993,2016_Pres-G_UT,2016,UT,Pres-G,Pres-G,Trafalgar Group,,11/4/16,1350.0,Democrat,29.52,Republican,39.95,24.52,-10.43,11/8/16,27.17,45.05,-17.89,7.46,7.46,1.0,,4,0.820335356007638
415,76247,2016_Pres-G_UT,2016,UT,Pres-G,Pres-G,YouGov,,11/4/16,762.0,Democrat,23.0,Republican,40.0,24.0,-17.0,11/8/16,27.17,45.05,-17.89,0.89,0.89,1.0,,4,0.820335356007638
416,76034,2016_Pres-G_VA,2016,VA,Pres-G,Pres-G,Christopher Newport University,,11/4/16,1193.0,Democrat,48.0,Republican,42.0,3.0,6.0,11/8/16,49.75,44.43,5.32,0.68,0.68,1.0,,4,0.820335356007638
417,76257,2016_Pres-G_VA,2016,VA,Pres-G,Pres-G,Hampton University,,11/4/16,802.0,Democrat,45.0,Republican,41.0,,4.0,11/8/16,49.75,44.43,5.32,1.32,-1.32,1.0,,4,0.820335356007638
418,75744,2016_Pres-G_VA,2016,VA,Pres-G,Pres-G,Public Policy Polling,,11/4/16,1238.0,Democrat,49.5,Republican,44.0,1.0,5.5,11/8/16,49.75,44.43,5.32,0.18,0.18,1.0,average of multiple versions or turnout models listed in poll,4,0.820335356007638
419,76596,2016_Pres-G_VA,2016,VA,Pres-G,Pres-G,SurveyMonkey,,11/4/16,2183.0,Democrat,49.0,Republican,41.0,7.0,8.0,11/8/16,49.75,44.43,5.32,2.68,2.68,1.0,,4,0.820335356007638
420,76595,2016_Pres-G_VT,2016,VT,Pres-G,Pres-G,SurveyMonkey,,11/4/16,454.0,Democrat,61.0,Republican,25.0,6.0,36.0,11/8/16,56.68,30.27,26.41,9.59,9.59,1.0,,4,0.820335356007638
421,76597,2016_Pres-G_WA,2016,WA,Pres-G,Pres-G,SurveyMonkey,,11/4/16,1451.0,Democrat,51.0,Republican,33.0,8.0,18.0,11/8/16,52.54,36.83,15.71,2.29,2.29,1.0,,4,0.820335356007638
422,76599,2016_Pres-G_WI,2016,WI,Pres-G,Pres-G,SurveyMonkey,,11/4/16,2246.0,Democrat,44.0,Republican,42.0,7.0,2.0,11/8/16,46.45,47.22,-0.76,2.76,2.76,0.0,,4,0.820335356007638
423,76598,2016_Pres-G_WV,2016,WV,Pres-G,Pres-G,SurveyMonkey,,11/4/16,472.0,Democrat,29.0,Republican,56.0,7.0,-27.0,11/8/16,26.18,67.85,-41.68,14.68,14.68,1.0,,4,0.820335356007638
424,76600,2016_Pres-G_WY,2016,WY,Pres-G,Pres-G,SurveyMonkey,,11/4/16,213.0,Democrat,21.0,Republican,60.0,9.0,-39.0,11/8/16,21.88,68.17,-46.3,7.3,7.3,1.0,,4,0.820335356007638
425,76445,2016_Pres-G_AK,2016,AK,Pres-G,Pres-G,Gravis Marketing,,11/5/16,617.0,Democrat,41.0,Republican,44.0,6.0,-3.0,11/8/16,36.55,51.28,-14.73,11.73,11.73,1.0,among registered voters,3,0.8619728212469777
426,76380,2016_Pres-G_AZ,2016,AZ,Pres-G,Pres-G,Data Orbital,,11/5/16,550.0,Democrat,44.0,Republican,47.0,4.0,-3.0,11/8/16,44.58,48.08,-3.5,0.5,0.5,1.0,,3,0.8619728212469777
427,76447,2016_Pres-G_AZ,2016,AZ,Pres-G,Pres-G,Gravis Marketing,,11/5/16,1453.0,Democrat,43.0,Republican,45.0,5.0,-2.0,11/8/16,44.58,48.08,-3.5,1.5,1.5,1.0,among registered voters,3,0.8619728212469777
428,76602,2016_Pres-G_AZ,2016,AZ,Pres-G,Pres-G,Insights West,,11/5/16,392.0,Democrat,45.0,Republican,47.0,5.0,-2.0,11/8/16,44.58,48.08,-3.5,1.5,1.5,1.0,,3,0.8619728212469777
429,76603,2016_Pres-G_CA,2016,CA,Pres-G,Pres-G,Insights West,,11/5/16,401.0,Democrat,58.0,Republican,35.0,3.0,23.0,11/8/16,61.48,31.49,29.99,6.99,-6.99,1.0,,3,0.8619728212469777
430,76446,2016_Pres-G_CO,2016,CO,Pres-G,Pres-G,Gravis Marketing,,11/5/16,1378.0,Democrat,44.0,Republican,43.0,5.0,1.0,11/8/16,48.16,43.25,4.91,3.91,-3.91,1.0,among registered voters,3,0.8619728212469777
431,76061,2016_Pres-G_FL,2016,FL,Pres-G,Pres-G,Quinnipiac University,,11/5/16,884.0,Democrat,46.0,Republican,45.5,2.0,0.5,11/8/16,47.41,48.6,-1.19,1.69,1.69,0.0,average of multiple versions or turnout models listed in poll,3,0.8619728212469777
432,76448,2016_Pres-G_GA,2016,GA,Pres-G,Pres-G,Gravis Marketing,,11/5/16,2002.0,Democrat,44.0,Republican,48.0,3.0,-4.0,11/8/16,45.35,50.44,-5.1,1.1,1.1,1.0,among registered voters,3,0.8619728212469777
433,76054,2016_Pres-G_MO,2016,MO,Pres-G,Pres-G,Emerson College,,11/5/16,750.0,Democrat,40.5,Republican,46.5,6.6,-6.0,11/8/16,37.87,56.38,-18.51,12.51,12.51,1.0,,3,0.8619728212469777
434,76063,2016_Pres-G_NC,2016,NC,Pres-G,Pres-G,Quinnipiac University,,11/5/16,870.0,Democrat,47.5,Republican,45.0,3.0,2.5,11/8/16,46.17,49.83,-3.66,6.16,6.16,0.0,average of multiple versions or turnout models listed in poll,3,0.8619728212469777
435,76066,2016_Pres-G_NC,2016,NC,Pres-G,Pres-G,Siena College,,11/5/16,800.0,Democrat,44.0,Republican,44.0,3.0,0.0,11/8/16,46.17,49.83,-3.66,3.66,3.66,0.5,,3,0.8619728212469777
436,76055,2016_Pres-G_NH,2016,NH,Pres-G,Pres-G,Emerson College,,11/5/16,1000.0,Democrat,45.4,Republican,43.8,4.5,1.6,11/8/16,46.83,46.46,0.37,1.23,1.23,1.0,,3,0.8619728212469777
437,76013,2016_Pres-G_NH,2016,NH,Pres-G,Pres-G,University of New Hampshire,,11/5/16,692.0,Democrat,49.0,Republican,38.0,6.0,11.0,11/8/16,46.83,46.46,0.37,10.63,10.63,1.0,,3,0.8619728212469777
438,76053,2016_Pres-G_NV,2016,NV,Pres-G,Pres-G,Emerson College,,11/5/16,600.0,Democrat,46.8,Republican,45.6,3.9,1.2,11/8/16,47.92,45.5,2.42,1.22,-1.22,1.0,,3,0.8619728212469777
439,76269,2016_Pres-G_NV,2016,NV,Pres-G,Pres-G,Gravis Marketing,,11/5/16,1158.0,Democrat,45.0,Republican,43.0,4.0,2.0,11/8/16,47.92,45.5,2.42,0.42,-0.42,1.0,,3,0.8619728212469777
440,76604,2016_Pres-G_NV,2016,NV,Pres-G,Pres-G,Insights West,,11/5/16,373.0,Democrat,42.0,Republican,42.0,4.0,0.0,11/8/16,47.92,45.5,2.42,2.42,-2.42,0.5,,3,0.8619728212469777
441,76449,2016_Pres-G_NY,2016,NY,Pres-G,Pres-G,Gravis Marketing,,11/5/16,1681.0,Democrat,55.0,Republican,36.0,2.0,19.0,11/8/16,59.0,36.51,22.49,3.49,-3.49,1.0,among registered voters,3,0.8619728212469777
442,76052,2016_Pres-G_OH,2016,OH,Pres-G,Pres-G,Emerson College,,11/5/16,900.0,Democrat,38.9,Republican,45.6,6.8,-6.7,11/8/16,43.24,51.31,-8.07,1.37,1.37,1.0,,3,0.8619728212469777
443,76450,2016_Pres-G_OH,2016,OH,Pres-G,Pres-G,Gravis Marketing,,11/5/16,1781.0,Democrat,42.0,Republican,48.0,4.0,-6.0,11/8/16,43.24,51.31,-8.07,2.07,2.07,1.0,among registered voters,3,0.8619728212469777
444,76451,2016_Pres-G_OR,2016,OR,Pres-G,Pres-G,Gravis Marketing,,11/5/16,1963.0,Democrat,44.0,Republican,40.0,6.0,4.0,11/8/16,50.07,39.09,10.98,6.98,-6.98,1.0,among registered voters,3,0.8619728212469777
445,76452,2016_Pres-G_PA,2016,PA,Pres-G,Pres-G,Gravis Marketing,,11/5/16,1220.0,Democrat,46.0,Republican,40.0,7.0,6.0,11/8/16,47.46,48.17,-0.72,6.72,6.72,0.0,among registered voters,3,0.8619728212469777
446,76453,2016_Pres-G_SC,2016,SC,Pres-G,Pres-G,Gravis Marketing,,11/5/16,1751.0,Democrat,43.0,Republican,48.0,3.0,-5.0,11/8/16,40.67,54.94,-14.27,9.27,9.27,1.0,among registered voters,3,0.8619728212469777
447,76193,2016_Pres-G_US,2016,US,Pres-G,Pres-G,ABC News/Washington Post,,11/5/16,2220.0,Democrat,48.0,Republican,44.5,4.0,3.5,11/8/16,48.02,45.93,2.09,1.41,1.41,1.0,average of multiple versions or turnout models listed in poll,3,0.8619728212469777
448,76165,2016_Pres-G_US,2016,US,Pres-G,Pres-G,Fox News/Anderson Robbins Research/Shaw & Company Research,,11/5/16,1295.0,Democrat,48.0,Republican,44.0,3.0,4.0,11/8/16,48.02,45.93,2.09,1.91,1.91,1.0,average of multiple versions or turnout models listed in poll,3,0.8619728212469777
449,76444,2016_Pres-G_US,2016,US,Pres-G,Pres-G,Gravis Marketing,,11/5/16,16639.0,Democrat,47.0,Republican,43.0,3.0,4.0,11/8/16,48.02,45.93,2.09,1.91,1.91,1.0,among registered voters,3,0.8619728212469777
450,76178,2016_Pres-G_US,2016,US,Pres-G,Pres-G,Monmouth University,,11/5/16,748.0,Democrat,50.0,Republican,44.0,4.0,6.0,11/8/16,48.02,45.93,2.09,3.91,3.91,1.0,average of multiple versions or turnout models listed in poll,3,0.8619728212469777
451,75968,2016_Pres-G_US,2016,US,Pres-G,Pres-G,Morning Consult,,11/5/16,1482.0,Democrat,45.0,Republican,42.0,8.0,3.0,11/8/16,48.02,45.93,2.09,0.91,0.91,1.0,,3,0.8619728212469777
452,79880,2016_Pres-G_US,2016,US,Pres-G,Pres-G,People's Pundit Daily,,11/5/16,2193.0,Democrat,44.5,Republican,45.1,3.2,-0.6,11/8/16,48.02,45.93,2.09,2.69,-2.69,0.0,,3,0.8619728212469777
453,76036,2016_Pres-G_US,2016,US,Pres-G,Pres-G,Selzer & Company,,11/5/16,799.0,Democrat,45.0,Republican,42.0,4.0,3.0,11/8/16,48.02,45.93,2.09,0.91,0.91,1.0,average of multiple versions or turnout models listed in poll,3,0.8619728212469777
454,76605,2016_Pres-G_WA,2016,WA,Pres-G,Pres-G,Insights West,,11/5/16,402.0,Democrat,51.0,Republican,36.0,4.0,15.0,11/8/16,52.54,36.83,15.71,0.71,-0.71,1.0,,3,0.8619728212469777
455,76454,2016_Pres-G_WI,2016,WI,Pres-G,Pres-G,Gravis Marketing,,11/5/16,1184.0,Democrat,47.0,Republican,44.0,3.0,3.0,11/8/16,46.45,47.22,-0.76,3.76,3.76,0.0,among registered voters,3,0.8619728212469777
456,76180,2016_Pres-G_FL,2016,FL,Pres-G,Pres-G,Opinion Savvy/InsiderAdvantage,,11/6/16,843.0,Democrat,48.4,Republican,46.4,3.0,2.0,11/8/16,47.41,48.6,-1.19,3.19,3.19,0.0,,2,0.9057236642639067
457,76179,2016_Pres-G_FL,2016,FL,Pres-G,Pres-G,Trafalgar Group,,11/6/16,1100.0,Democrat,46.13,Republican,49.72,2.43,-3.59,11/8/16,47.41,48.6,-1.19,2.4,-2.4,1.0,,2,0.9057236642639067
458,76068,2016_Pres-G_GA,2016,GA,Pres-G,Pres-G,Landmark Communications,,11/6/16,1200.0,Democrat,46.0,Republican,49.0,3.0,-3.0,11/8/16,45.35,50.44,-5.1,2.1,2.1,1.0,,2,0.9057236642639067
459,76353,2016_Pres-G_GA,2016,GA,Pres-G,Pres-G,Trafalgar Group,,11/6/16,1250.0,Democrat,45.11,Republican,51.58,1.89,-6.47,11/8/16,45.35,50.44,-5.1,1.37,-1.37,1.0,,2,0.9057236642639067
460,76463,2016_Pres-G_MI,2016,MI,Pres-G,Pres-G,Mitchell Research & Communications,,11/6/16,1011.0,Democrat,49.0,Republican,43.0,7.0,6.0,11/8/16,47.03,47.25,-0.22,6.22,6.22,0.0,average of multiple versions or turnout models listed in poll,2,0.9057236642639067
461,76258,2016_Pres-G_MI,2016,MI,Pres-G,Pres-G,Trafalgar Group,,11/6/16,1200.0,Democrat,46.82,Republican,48.52,2.89,-1.7,11/8/16,47.03,47.25,-0.22,1.48,-1.48,1.0,,2,0.9057236642639067
462,76158,2016_Pres-G_NM,2016,NM,Pres-G,Pres-G,Zia Poll,,11/6/16,8439.0,Democrat,46.0,Republican,44.0,6.0,2.0,11/8/16,48.26,40.04,8.21,6.21,-6.21,1.0,,2,0.9057236642639067
463,76611,2016_Pres-G_US,2016,US,Pres-G,Pres-G,IBD/TIPP,,11/6/16,1107.0,Democrat,42.25,Republican,42.5,7.1,-0.25,11/8/16,48.02,45.93,2.09,2.34,-2.34,0.0,average of multiple versions or turnout models listed in poll,2,0.9057236642639067
464,76601,2016_Pres-G_US,2016,US,Pres-G,Pres-G,Insights West,,11/6/16,940.0,Democrat,49.0,Republican,45.0,4.0,4.0,11/8/16,48.02,45.93,2.09,1.91,1.91,1.0,,2,0.9057236642639067
465,76354,2016_Pres-G_US,2016,US,Pres-G,Pres-G,Lucid,,11/6/16,2521.0,Democrat,45.0,Republican,40.0,5.0,5.0,11/8/16,48.02,45.93,2.09,2.91,2.91,1.0,,2,0.9057236642639067
466,76262,2016_Pres-G_US,2016,US,Pres-G,Pres-G,YouGov,,11/6/16,3677.0,Democrat,47.0,Republican,43.0,5.0,4.0,11/8/16,48.02,45.93,2.09,1.91,1.91,1.0,average of multiple versions or turnout models listed in poll,2,0.9057236642639067
